timestamp,movement,ACC_X,ACC_Y,ACC_Z,GYRO_X,GYRO_Y,GYRO_Z,ANGLE_X,ANGLE_Y,ANGLE_Z,MAG_X,MAG_Y,MAG_Z,trial
0.0,right,-0.09353504057380535,0.505081208107295,0.10016122875946036,-14.451500653794708,-6.461410199401279,-3.7911063838875108,-4.411385957266001,13.036858920077437,2.306127202162968,50.05134418904294,45.440685898408276,-56.535874936270936,1
0.1,right,0.08100633591017166,0.45320356140656315,0.06060442821801732,-1.1493583757924535,-6.46215312925427,5.958300735797028,-4.985729840343683,27.69418812434843,-13.651438267002254,76.19480803837158,51.207849299806064,19.85701702267972,1
0.2,right,-0.03788356174483987,0.4890464269631831,0.0775988443633554,-8.160259609613876,-15.81345212025072,4.023120311056188,0.4456254844230749,1.9613390394210461,-4.474427862554879,8.850459039146132,-69.65020328101183,-8.9821737832942,1
0.3,right,-0.013770417232758715,0.5162135760900075,0.16747156723599793,-4.6705975745217145,-5.462300813836183,3.9716058030767476,-3.9806099411271694,-10.885870064000343,7.026291154622476,-36.14171594351841,-12.970393573143918,-37.89173723360339,1
0.4,right,0.027469262213847507,0.3217912977895654,0.04038511626452569,-6.291820351190612,-11.72671201134705,1.9103958697495416,5.654506394924641,-11.352269986165515,-5.65636861521305,-33.70588134135066,-16.550630270184545,39.08786579040658,1
0.5,right,-0.020086489463925623,0.5037246363395038,0.0505936661951277,-6.5735241114712695,-17.465609945031005,6.668180065446831,1.441056549541637,-1.673989115684558,-5.305986079808128,60.739307403071365,-8.638351455356936,-26.752965240276357,1
0.6,right,0.02615540088180577,0.4318215832383996,0.0847059664986137,-5.436835029570649,-5.4395058408133705,-3.026332949843604,-16.111666242386875,14.044399181891835,-4.599875540423354,49.10077391439039,-86.34656823298876,27.373982002165448,1
0.7,right,-0.00976312372698298,0.27955741258665323,0.04851111858587625,-3.3430282697893903,-8.69805875621015,1.6371308920970202,2.3415021948637142,-1.6082422311415416,-1.5864826665406409,-110.10696599721985,31.6380373194992,3.112155080849494,1
0.8,right,-0.0018367913382925439,0.6020148087622231,0.002900974753426405,-17.359239899693556,-15.040302521038042,3.4964129781635807,-4.163602863309133,-10.226894844352133,-5.0459514416727425,-14.58603112624726,-107.62340375169121,1.9603172102817406,1
0.9,right,0.0024788423196973187,0.6072238471189297,0.12662148054273112,-1.871095400945645,-5.816396804950316,3.768063902384246,-3.281262608466071,-13.558784383386165,-8.189320099931027,11.685725803991422,-44.463682048386076,-28.84168680650634,1
1.0,right,-0.020092689455861484,0.5411073478609575,0.13324995120439065,-1.2194669206559752,-5.042503331571203,-3.5015201467180783,8.510097419668199,10.575140724364934,1.7971363764507853,12.850815205174168,-32.08873581207839,63.890019101319204,1
1.1,right,-0.06306294879605066,0.4208719349134399,0.16761095100029555,-2.1878389972018795,-13.438094401231483,0.12053748086436952,-8.319965384718568,-24.16228803228034,-5.2175388985685744,-27.56124298059428,-75.8809367659016,-52.87636277803757,1
1.2,right,0.03604147419404334,0.4498716698415233,0.10806908531152384,1.9182269533597163,-7.690718194407124,9.81150527233318,7.869519948963191,4.318036141698297,-11.136690002138865,-94.83361741940217,-33.519893207976935,41.66342514679725,1
1.3,right,-0.0498624934417835,0.3252807056829972,0.059502623093276266,-2.1588094593136726,-9.6928537907913,-2.2217688948826306,-9.32661624152637,-3.897607993453667,-1.5384855690266965,23.112562616903674,-14.791881645489877,-90.87751197677044,1
1.4,right,-0.015177343609137958,0.4934030087854591,0.15944149683420855,-19.882061956667282,-10.449304248693458,-5.964773398822972,-26.18321949407737,3.7180806916802522,5.394234766476403,31.397891151447133,1.1646131255188612,24.478650072478278,1
1.5,right,-0.005860871019594571,0.5489080208247276,0.0853382954102744,2.475309467657688,-16.26784361524912,5.812735696489916,2.963700633682231,-2.446259444840119,7.312939520268323,111.44678774848589,6.029623442300153,32.928826058582,1
1.6,right,0.030371107456280952,0.49285906107770155,0.1158117462551714,-7.570301237543202,-12.233460302076644,4.761577307297717,0.09972994354543635,12.30737453817132,14.513324267060831,-2.186829148839222,-5.548964426924882,-22.939598001344866,1
1.7,right,-0.04311979800775901,0.506324381923629,0.1320576750592138,-0.6671497156456256,-13.160604789444307,-4.723317619198895,-8.398144220211073,0.03824549846955592,1.0931257920925315,47.56611160297759,50.229782014483035,6.194184552370265,1
1.8,right,-0.01516002677964817,0.5004853701780492,0.05768600713994231,-1.4877594124929328,-8.73526177456821,1.7606067943133539,-6.625594705602543,-3.4165366578758896,-2.2852528084620447,77.56365523358025,58.88956326706336,-57.23004275697347,1
1.9,right,0.011809306053577502,0.4792149214147846,0.08539120624792651,-4.345318990723611,-4.920006374680478,10.260363651243686,-14.494305648124612,-2.0707530468303434,-5.780331848728371,-65.8301878099133,-50.86973208172175,17.931714858199012,1
2.0,right,-0.06275284853002693,0.37022802306713637,0.05704902890869041,-9.666346731916875,-9.755488739165768,2.2741582954177284,15.717834846759548,-2.087126492743675,-6.055374369322743,-17.262289808033138,-34.33305929806747,-47.785029146009805,1
2.1,right,-0.004833610514093451,0.48527938069829696,0.1058987689180875,-3.4327383570716297,-5.949157314550221,-9.0980979695906,2.958731360654632,-9.311365465970363,-2.0822915717151043,-20.86917267992713,-31.991888651549626,52.12830969508848,1
2.2,right,0.021763644657642234,0.38429803976150206,0.043937356551035936,2.7670576824963975,-10.527101617098603,4.263319160124336,15.327293866464638,3.2362890229948627,-17.00670842741628,-38.44965315672306,-4.5640726122948765,-64.42998224240173,1
2.3,right,0.04158337144028256,0.4398204184499662,0.07324589866100897,-4.917487699404342,-8.289652150028228,-1.0330329202306914,-0.14933796499541369,5.904841185868834,2.9488993176639844,-82.05754174208035,10.884337942521286,7.656073534221179,1
2.4,right,-0.020631666449090133,0.47044197316624453,0.1370634052358771,-7.9952864542756785,-4.8713913645689,8.738709358221891,-9.635156178270574,-5.909619509427424,-4.114673616083629,27.14502449424777,-34.76060405340229,-10.777404314052799,1
2.5,right,-0.004701105621379029,0.5537145157007901,0.0880339681026623,-3.654941450670685,-15.506180726756686,-3.0527686066499045,-13.897498087051726,13.59223274618432,4.47785231764757,14.705804574845857,-25.104089377359152,-57.46356417418153,1
0.0,right,0.0028912163317865165,0.3309599476953895,0.16177104298220257,2.6650355988240717,-8.011414986530303,-3.2499666008529946,0.2217102384104588,4.9387844921682404,-1.0302429012092214,29.60166564268125,-33.90111440671557,55.49414850003443,2
0.1,right,-0.07479533755031556,0.5398675540359728,0.10990092515187916,-7.024161576313478,-12.87281909751761,-3.567758957730905,5.256737775086675,-2.6764467281394606,-6.048284507118444,88.88261097866378,-4.650482456168401,-52.36388837081516,2
0.2,right,0.0025678277307841385,0.6096091592892673,0.09694957697973504,-1.454478556902381,-10.511937928999817,-0.09258789643186421,-10.769378505077897,13.603344862270212,-5.0439066447735375,12.25438471167549,38.90686218135307,-44.815529011372526,2
0.3,right,-0.011155981213296966,0.40568591620218675,0.06327259439250468,-0.6691226442288132,-6.245334539785441,5.087883350110209,-8.666716453148824,-11.440500577699433,-4.972347679293209,-67.171350683953,86.55443617831776,-43.31328828480912,2
0.4,right,-0.06889015947786892,0.5482523261192014,0.12418016436236998,-4.769903617715147,-0.7359764188305,-3.955791250110974,5.5564619823632295,-0.5532777714957433,10.881864324585829,70.68949495086095,-85.87201165787147,138.30976977411075,2
0.5,right,-0.00232156031861363,0.5194593752184725,0.1004374444935834,-1.6862614611298725,-6.147417993209835,-1.439212574952773,4.806279419795559,6.240498496186094,12.620970965362162,-6.493824690890723,10.599019997542634,-3.4618413542266393,2
0.6,right,-0.008197270243186018,0.5926412585223416,0.09682650876317345,-7.438774345426269,-13.048357179602627,-3.438785952032905,13.484764769897916,-4.108006784318854,5.289855679372658,12.959302407838369,-47.778589650485024,-23.612255565887278,2
0.7,right,-0.007495085076445242,0.5220956263800605,0.12055620172114329,-7.068022861036259,-12.980000470446644,0.1540097316417413,-1.4155921824096185,1.7830361789730564,-7.3583737587382645,55.888930925601144,23.015594077118806,-41.66643961834115,2
0.8,right,0.02266617231720465,0.37006469204513853,0.14784567997384002,-7.780801434914487,-3.9311941515200575,6.245619480954673,0.6355169579727303,5.686096236753841,2.7986309138304284,1.558540813400818,-4.981332036961924,3.8716221119584735,2
0.9,right,0.046231797922560665,0.5335290819196047,0.004830176303911346,-6.743980921562354,-12.416490793501364,-3.8249448504101426,-13.944128113574582,-3.139451196507556,-4.955970877868646,-23.76423445876463,52.364393429682096,-81.38494738914866,2
1.0,right,0.02940933509222145,0.35853901502376007,0.11085640455221163,-1.8206690420439657,-15.82747532435588,-8.795757755755048,-25.228196152980907,-7.150624552183168,3.2675801788831023,-36.13769597410395,-21.727414468222207,14.907410904175892,2
1.1,right,0.017870988730828968,0.40842378332569595,0.08482262466696668,-17.8678587355443,-7.240162745963557,1.7179121057515354,6.25811229052622,-6.0408429416203,-10.559802274037793,60.32859342032728,-78.35939199795385,-35.98110659764501,2
1.2,right,-0.0441678136010683,0.5070025012831774,0.07974621914139901,-7.2259324645193574,-7.89529096192965,-5.253403719735973,6.86141038193374,-2.3491150108363428,26.47431570432506,52.22811352219841,32.84575486362649,-40.03862157301501,2
1.3,right,-0.048597246200064365,0.5031816245907917,0.0866642913845738,-11.308939079557145,-9.076914797557615,-2.444874549565344,-1.1604990262370156,-15.860702402310201,19.262464280155992,13.8303790554597,44.601465033142716,-31.138840663385658,2
1.4,right,0.05979798522949962,0.5766868676647362,0.1402009207259583,-4.056195661293073,-4.864339026970134,1.8427785405430643,5.745469842663736,2.678893532948524,-10.419157049032906,-69.56117209164273,-10.052012690532266,-64.84929996561792,2
1.5,right,0.038960576129370185,0.5686404134447869,0.06422626824758844,-11.57610206516804,-13.432245713670058,0.26750539993298106,-20.206974596068935,-6.951243264077873,-7.334706124431673,14.995338259179011,-22.975501524758197,-29.43063138997799,2
1.6,right,-0.058159906295293495,0.4687094748163544,0.10958988483476222,-7.783034324480223,-9.572900926334757,3.822303065982328,-8.554755665788226,25.13636205195661,-3.3862395170702597,-35.838987931742224,44.24889934216687,69.78920233083097,2
1.7,right,0.02230520803442214,0.4345645479518628,0.12343898257271727,-9.113436440958676,-8.986193348733563,-2.978667490049021,-20.342534144040343,-4.145221612202035,-3.135151843357664,-44.612718968163136,6.619716527749044,-34.682838461034045,2
1.8,right,0.08683576074939571,0.5357501532321508,0.034565755217406124,-8.945097230591387,-9.962958875170429,5.0666420386401,7.332855995703502,13.763279384159722,10.410952123940248,-114.70182470006918,73.37748096306179,17.66408357763163,2
1.9,right,0.02872198258324293,0.5004398929607153,0.02318322287387556,-5.989790719341401,-9.232274330772206,-5.273989789059402,2.0836161290952053,-11.558139312232116,-4.6925851803269545,-69.70072378655222,-36.03759621857465,-76.03131815208909,2
2.0,right,-0.0407931562369246,0.4996780675996691,0.12451972164512501,3.6484331260671627,-11.767940174294544,-0.44847001033063993,5.484769851890215,-10.119331666445063,10.031822629331762,-25.20422500580836,-122.83796367653616,32.14462982136656,2
2.1,right,0.020631080503864738,0.7187085360389637,0.06887372232383215,1.1468754313085618,-0.9151909812394283,0.6304655235813674,-0.9649843116557517,8.274276182000616,8.158237362235814,-37.20711509437361,-57.97453136506019,11.268607204041379,2
2.2,right,-0.013251069858331797,0.5276589403849843,0.07593548454512174,-0.18416488015950172,-5.172874480646647,2.1460271553344343,17.330749942291433,21.618648819386035,-1.1391679213511114,34.01457805806891,-84.55399569359143,-34.91510921444209,2
2.3,right,0.028583214610522975,0.6181797274228931,0.04644362525666376,-6.358147342109962,-13.047794340784785,8.342467700819007,7.414100053736846,-0.3629400100524277,18.508399883335972,31.33641603102691,53.590062818027064,62.808568709710755,2
2.4,right,-0.028024140716405584,0.5183875337120749,0.1068370092822805,-14.577179766945578,-6.473638018103823,-10.678696392492972,-6.198998589608053,1.2408940951690333,17.779901937769274,-51.88882868863168,-80.69849760821697,-25.26255280036167,2
2.5,right,-0.027723833312390107,0.3726962364297045,0.02679275108524791,-3.6048525370704114,-8.432791473014532,-0.5706846495444755,-8.602032887148964,-6.506980479625687,10.269586713394796,15.668615861787933,-94.06056874433068,-28.96139142782327,2
0.0,left,-0.05482768398603012,-0.49924669727441995,0.1582103858624468,10.33556404822825,15.981411803682985,-2.674862323810503,-1.5459100769117076,1.7480707643910711,3.790290793939144,-10.567476405374432,68.81738597567413,-38.083076289018784,3
0.1,left,0.03977238965266793,-0.5881564996381288,0.03984085643856825,2.2904650739317884,13.005958802914824,-1.900941242177482,-6.246451045470478,7.526012364920071,8.869280624361506,-79.0967359338448,-39.637183158133375,-0.024490298053621355,3
0.2,left,0.028635284760357645,-0.6416270867161675,0.14506929504519764,10.211628238003176,6.013833832354915,-7.581675370948347,-14.560638256666321,2.212055271900169,-5.092393734359283,68.42837670457507,-39.58573543919936,-0.2048751057411261,3
0.3,left,-0.09648537665500402,-0.30383044409893845,0.1495891600021534,-0.3932617233143718,3.7978571079633223,-0.4851438526243446,2.9557749645128375,5.887439810406603,-2.618029864408988,40.126099366028875,15.952692303271887,15.936360094993285,3
0.4,left,-0.04223121029575694,-0.5258442733559269,0.17196917698109487,-2.6696633485087498,14.436642014968008,-5.368277338284223,-5.493681740615783,-1.3598896790443233,-18.91198046824131,-1.1381095815377955,29.70569053379321,49.79041780099771,3
0.5,left,-0.031642820135910736,-0.4810616650842824,0.11226954597458927,0.8527386085722517,15.178543743890144,-2.7915773099597208,-7.00915246384392,5.891060205562644,10.577076388969772,-65.23191693575411,15.472828738484642,62.13109408101607,3
0.6,left,0.08251273224032991,-0.3810707832460537,0.06753947992966902,6.103152685290893,11.753215308151226,-9.385778970781526,-24.068580231280702,18.85537169807297,0.5804039566198331,21.79376403145339,-12.391784086825167,110.40352998101959,3
0.7,left,-0.0030393748480026486,-0.34502197915097954,0.1209219724648333,3.885391190132438,9.183671005064781,7.375816030172777,10.139852919051853,1.132393621747929,9.983314720761348,30.812697573637593,59.77243192291852,14.422591575721091,3
0.8,left,0.056038942752364644,-0.4964163575291145,0.05508989036352874,7.66915045429417,11.491780978058772,-6.660175762437001,1.3250035373842903,-11.253732517830265,-18.81897416443422,36.00272616576415,22.724175036080005,-70.3247007018105,3
0.9,left,0.025431150366994715,-0.5203301701781113,0.10832997435932643,-2.5592069219309526,17.779994053357974,-3.4467134580749925,17.868339835080643,-6.104160384819509,3.8215642332386075,-57.750036409764064,-31.270257763857366,14.330430618933814,3
1.0,left,0.09734366081334724,-0.5483656378954801,0.15260189778601155,3.6852741580487764,16.15296112199147,-3.261729865730547,4.754316903548783,-7.555450199023735,5.529616708353268,-1.1725458414698997,0.7168167316439414,-53.474129152117555,3
1.1,left,0.04052466344165816,-0.503473339758798,0.09225990277964152,0.37869975096836317,10.172984129211653,-6.489728477697199,6.0482782538767115,4.115358275798621,3.2174838938909502,0.6171432718018508,-9.977427356532708,28.024823078794732,3
1.2,left,-0.044296406221151184,-0.563141428949271,0.05497572769785766,2.9169060588752664,11.472733655002262,-0.978103273409462,4.138232513972385,-7.4771750081026696,10.723798666812126,132.61022082292618,-90.59443458441834,-87.01852514534765,3
1.3,left,-0.06787585692197101,-0.6801240306216263,0.046130246746484596,4.6405787457114025,4.733552639058241,2.0013233240817554,-9.417638040907155,3.326892456155437,8.54119224962641,28.32022031070414,-115.82723724699207,-24.6276019958853,3
1.4,left,0.01628819258363958,-0.5221601652320041,0.11182486449240792,8.751550874212777,9.809319666680988,-2.9262390074609055,-17.141456410505292,-5.118236419173723,-6.218962647444561,-22.672972912698842,48.62856190921846,-2.943338290188325,3
1.5,left,-0.03706909720133308,-0.4060594889989534,0.06946961752421799,13.83309407598997,3.528728889784155,13.006741490204714,-1.3982817089393356,-6.950757894931362,-17.119152468790887,76.2534344850271,27.911464502899026,-33.611000555682395,3
1.6,left,-0.014359749391335106,-0.5854309215631418,0.08135522359110653,2.094505724415039,9.219013825873134,5.20994495165853,2.333484236490844,8.120289335150858,2.108267653077966,63.400645344355034,4.498360807398925,-115.53733906651966,3
1.7,left,-0.00862224474682357,-0.6497502945007517,0.10264027532331153,0.7444363110802916,8.200519122048957,-9.364736125970909,-31.577198944281868,-7.2139268531685605,-14.446401478581619,32.23328244633129,-10.041447940162215,-16.579317127181532,3
1.8,left,0.08884218166926175,-0.5584165422259015,0.0660311627960754,-3.5952136966569963,4.00990265768265,5.279891568610948,14.18160881844168,-5.239228726587427,7.23882845476851,12.399290555651318,-12.415097359866776,-24.057628845859526,3
1.9,left,0.0045317444073455955,-0.5665726588925252,0.035623586150800635,3.690473361810172,4.497241781981519,10.230902362627507,-4.692321007538239,-15.969744934046533,5.84119114903203,-40.68517034620924,-16.92995880192002,-33.388598518375105,3
2.0,left,0.028852449127117482,-0.3948461209547698,0.1332052969756062,3.5742773984448277,10.409383744584884,-2.0535286284283853,-11.132959059589796,1.9519519975250097,2.312000869017601,116.44858646882949,10.01092763629835,28.117575884554007,3
2.1,left,0.050074566679728455,-0.28277736878762333,0.08960905105871614,8.591496079746927,12.671376780032094,-7.438807864932574,-2.4106252831025534,-14.780923030732398,-6.263099244490884,35.36957756647748,48.43679469914088,-82.90034496598281,3
2.2,left,0.021355304109811415,-0.5110551026559518,-0.05509643757764518,3.818576525680877,3.610773973685154,-1.7215674472573885,9.362330258590553,2.8995060673166306,-1.6615326408678042,-63.1980861361367,6.764287928335191,-36.13676580104915,3
2.3,left,-0.02699702178225931,-0.5247255672196842,0.06006145765392299,3.122595365134682,21.955094888469677,-2.468698124516403,-6.7340315283490115,15.957002601635658,6.372962348338352,-3.583578587569442,53.52457337057452,-10.052866629785413,3
2.4,left,0.06872399193891225,-0.5625274483505287,0.08997522058179636,10.113696887429331,14.972879706451854,-2.525688541738586,-12.669174439243864,-1.004622763459986,1.0362514099669926,-69.78768195404278,-5.899973299086433,66.73087181740058,3
2.5,left,0.014848797294630001,-0.5424274783078629,0.08044852166853121,4.383649456504883,15.914419755844182,-3.6183998411160783,14.093269059824042,-9.932270408031348,8.216901648352735,-57.24719905429598,34.15841438009829,54.70827957027604,3
0.0,backward,-0.15336297511910368,0.040553648286296,-0.3225744055404361,-4.659214887321478,-4.836870101418403,-6.451006716627589,-12.444053321200483,-23.196776212668865,10.574934468734485,36.470067458699475,-9.804211662523683,-57.45987476396975,4
0.1,backward,-0.2025984379244796,0.14900911105925962,-0.35818109219562067,4.226156175734117,-8.837229995326304,-9.377495939467732,-8.963382743347971,2.1953203499085916,-4.619788893531053,-0.12244361942880587,15.701558600854643,-20.65284049559495,4
0.2,backward,-0.24041450138901171,0.14553492079300828,-0.4157663390700646,0.5045171815429583,-8.85356227382206,-9.111472236657804,17.98285262615188,5.814511676863463,3.4629192561493998,-67.95724237980923,-11.119129957971282,60.81942291805882,4
0.3,backward,-0.22139219680580496,0.10034089431432804,-0.384559431184524,10.502416074765534,-8.231923146125995,-0.9393120459556226,13.806734534945262,-10.072626377298556,16.689649924170162,28.213878922096576,-61.90776101476834,72.08510471389268,4
0.4,backward,-0.19350169851366808,0.11525303714965958,-0.5096600562479073,-0.3749658618177437,-6.595909096712459,-6.567443860014098,-10.394630762714428,-8.827275937874502,-3.1131826622235055,56.89046626655665,22.049608460655314,49.153044752293546,4
0.5,backward,-0.15573285110751486,0.11112919276415797,-0.6697192564272584,4.211885600703045,-11.701470832464794,-16.84508269023329,-3.317192006416958,15.980927386996227,-1.8377704148985996,-11.893068183022788,-38.371133688725315,5.649266022771221,4
0.6,backward,-0.23062211658690893,0.08276869456486824,-0.38151789583943574,-4.302330004313446,-5.8585047256567755,-3.1242146520557856,-0.6971028334287508,-18.622045608189197,-0.24198112919987708,-39.2460991288001,101.7595473144983,16.30883025396874,4
0.7,backward,-0.14194399272507882,0.09945400663498433,-0.5526438852820675,0.25079320859273146,-4.846118569300007,-9.874475992132977,5.321013120426967,18.371680248376173,7.363036681560704,-1.8668412265281757,-3.8140210414262237,-6.402864011540014,4
0.8,backward,-0.25081961341521913,0.0356749160518751,-0.5308607431987724,6.119748199327251,5.797256096374497,-11.909941976064799,6.130596239299594,5.731687092072657,-10.250711806510658,-3.1508698904904895,1.0999346523602498,-25.773459406097437,4
0.9,backward,-0.16961900659386323,0.06109834153449328,-0.3731752286513321,7.30232188725389,-5.836021743135344,-5.486282985179212,12.094695203208614,-1.722597123514331,-4.93253264173507,-4.804954772074182,12.643715993087861,-36.01255214854259,4
1.0,backward,-0.205257166492176,0.16376582838729753,-0.3219298804913373,-2.5377916346931064,0.13895976049024572,-4.012933399742935,6.760393803425616,7.457085586824065,0.929940667262496,-45.946341318965175,6.058880327235397,-35.06641370254112,4
1.1,backward,-0.2823929412037171,0.05147406233193458,-0.5412467010814594,-1.6441189658302382,0.5509482373942953,-2.2551658320245487,-1.2117673405944083,7.299096179142431,-5.885859679116544,-38.651781102852816,-70.33363325829919,16.04550169524712,4
1.2,backward,-0.28471143100974255,0.11559049719900825,-0.5855045040969261,0.018499610945220773,0.05921129248332946,-17.308262576206577,11.988174851456906,13.457985760880858,1.4145546360098291,-1.1523721647237624,-34.49071783618207,-22.734158893552035,4
1.3,backward,-0.10144903293554056,0.15433862074849228,-0.5125022541813906,1.5574613556339973,-0.7037131181720815,-14.620759338488822,1.6834406877546866,-4.322820701901983,-3.7857975831772075,16.791916711072755,-2.8583924293127736,43.66586726410912,4
1.4,backward,-0.17736486545208652,0.015598213837921246,-0.5005111969067975,3.6830581468222063,-6.338765410967173,-8.431344616323202,3.0967925118786397,-26.010000090843278,-24.537542482281943,18.775965310062592,65.94808907699804,23.139091849083922,4
1.5,backward,-0.18740931350625242,0.13522677648141251,-0.35214570291452385,0.26247976690013736,1.6213412677842243,-11.959909307382848,-25.159660330600943,-1.4160856000020818,-3.260847231781692,-49.30086819542723,-1.1521761981342018,-3.4661217522245056,4
1.6,backward,-0.2571254997225392,0.10298542675044536,-0.3963570065516172,-2.0341611302159217,-5.706927919408141,-9.848420142512218,-7.44586004074163,-4.866685026838409,4.84746027098335,-13.408964849557226,19.317471169271965,9.524658834061652,4
1.7,backward,-0.15684458329649814,-0.017839401952758377,-0.6622750439955023,4.638244135479111,-0.422172269055638,1.1896561624902535,-0.9370874102332839,-11.983609162925005,-2.8993565001987194,22.413059826124407,51.12104046666174,-13.470708251883892,4
1.8,backward,-0.1814571079290455,0.12801881140098165,-0.6155120726337479,-4.279458409394962,-20.273712989358877,-4.846679276789194,-1.9863943651236147,5.3414470321646785,-3.044605416571068,93.7108206830216,-68.10671556349956,28.915115787908295,4
1.9,backward,-0.14715594439764867,0.06576938616539359,-0.3985232873792402,-6.164227888727409,-12.767114947967933,-14.222132148522167,-6.282923878397757,-10.16942652178029,9.328541233518257,84.07235408040509,31.31721170790171,15.184928653266072,4
2.0,backward,-0.20645994154186706,0.03298525520104284,-0.4701265601856129,-3.4361521426568826,-1.9678046448627518,-1.77418975764086,-5.4214130447519615,-5.916005598824875,0.5497987577887404,71.67776025750209,77.90322828042837,113.27373574653143,4
2.1,backward,-0.2915821326042264,0.10879078981738369,-0.5423866407363593,-10.211655260946351,-3.061227048132137,-6.141208970791818,-1.981574246306574,7.429880297675886,5.441535890474244,-20.08129552970216,47.90072366465084,-97.14663656582722,4
2.2,backward,-0.21230868202898048,0.09285294020871254,-0.46999200870617114,5.222829068427045,-4.026360088343075,-15.67348830692308,13.671056293416404,-20.51194809303722,-3.374127806213336,10.519005880974456,71.9825194207941,33.063231344114556,4
2.3,backward,-0.22300206144285872,0.1348858537211484,-0.46133790602797964,-0.6896389755511114,0.5478454766914904,-7.323087257787286,5.289750154306868,-3.603102725947877,-3.1413991226768867,-115.40882571939264,-27.724777350788898,-20.18705555367697,4
2.4,backward,-0.1396549975573673,0.09680483386384378,-0.4501841660048551,-3.1351459765584493,-4.585536238805773,-8.474110442712902,4.197297673760128,-2.1634736607657374,-3.182724441203205,-79.17749838782713,-19.73415792048906,-10.401255954834555,4
2.5,backward,-0.20606647027668096,0.10196153490962213,-0.5156607009678155,0.395180596307937,2.376221892276112,-14.02718025377929,4.963208321518727,-4.48038452011723,-11.00742627509219,41.50964914293137,-34.57918589821527,-6.84844121241792,4
0.0,right,-0.06466421554510207,0.42134069755880316,0.10759586190055795,-2.292069354678958,-5.4456367576625455,7.9436375892173725,-4.311908459862085,5.130398822613959,4.81361946914448,39.99888701414498,-35.135418842106766,-46.29745841356796,5
0.1,right,-0.0677147387439535,0.47049719029254106,0.012546721773805225,-2.0294106902342706,-5.837823343631909,2.706231152923868,3.3926747974173885,1.8427191313885847,-1.0782200448504373,-23.693530403964587,34.87171261274067,-67.1730884710461,5
0.2,right,0.08251900647861517,0.3650764094833556,0.06910291744155239,-0.7776328785307021,-15.64965365642013,0.16119116807349232,-8.294762946369254,-7.737417666384772,12.178678853340024,116.39187331497315,-54.52382320281867,-20.94037539798867,5
0.3,right,0.0370279371225052,0.39328815008226625,0.08255075893186925,-5.528892085759545,-7.485031648861364,-3.5952677429518136,8.806452955231627,-7.361704556776018,6.714294541975337,-69.72709538214649,-17.69329793019945,50.72371967132966,5
0.4,right,-0.046892185722353284,0.5771354417317035,0.0475185589539871,-3.0466236613483613,-16.385688603676723,7.919819121174637,-0.7031788880600498,-11.287641193073995,-20.130461777743616,-29.290393342095484,26.68641145286161,-7.4128840845966355,5
0.5,right,0.03949024053660957,0.3713043952105816,0.11784357410277917,2.829854305449163,-9.550280614469491,1.9860405351622723,-16.97157281329607,12.499073353989697,3.759991672483269,-14.883856592423223,59.22011925319654,39.040150983415586,5
0.6,right,0.08116881174717044,0.5145883464583,0.03335380091503384,-7.209337535696902,-10.485943885515905,3.749671966741612,3.420277902828126,-16.68397262741302,-0.9353837292069063,-57.096454931346784,-48.349904159342486,4.768382542856831,5
0.7,right,-0.03900032208166103,0.45809723254335477,0.09039560570541691,-2.7798062702784314,-19.155636359984985,-2.228004456223358,-4.892464204555138,-5.166273268089736,10.785797825146425,14.836245747407014,-17.107402341520288,4.8693303288214596,5
0.8,right,-0.12299151258282102,0.2800611946548571,0.13195101854036606,-2.6238360729852426,-11.815392182441657,-5.795304126809029,6.737537034849536,4.946570475747681,1.4256264707721311,-20.42233665351866,-79.68202492086947,-25.13401863129237,5
0.9,right,0.09988800056953075,0.4820052848527271,0.1029889825136835,-8.908654434793819,-5.5377078344350945,-6.059955932550163,-13.15470687585501,-2.964506696635981,-0.09117627969507272,-10.22935558949083,-20.557727402596036,-3.5103386611316707,5
1.0,right,0.04841053994786526,0.39998486945525047,0.050402390554549856,-2.472084396537312,-9.176096026332589,-7.339245488615519,-8.45982650444795,-18.184577849346475,-7.441942538853501,36.10108112432029,35.93191470634443,-22.432135662553385,5
1.1,right,0.008034021829569268,0.6421536687883638,0.0604849958671933,-6.337494133182409,-15.322737117858695,-7.937998474240466,-1.9677645138940631,7.073898785598544,-9.8229908149557,-53.629226307287006,-17.284161121121763,25.065791670642856,5
1.2,right,-0.036973138893869016,0.33221494938456286,0.14042248128880497,-0.9045872422087351,-9.83941386900548,1.840239395188864,6.559979680243964,-10.568759644936947,-10.945680500768738,12.739763188080074,11.957311203954312,-14.137186989158632,5
1.3,right,0.03204361848028238,0.44919488679491354,0.20375586831725354,-2.095252200498792,-7.311453287027581,-1.270280284176279,-5.465401448689066,16.220597776741084,5.116501447232876,0.8131412227545993,9.206140188847742,19.804973440923586,5
1.4,right,0.08368804032058291,0.643498539317914,0.17876482599573773,-2.307381608387875,-15.00934163540163,-3.245449160328861,15.001633244865783,-8.226466320903487,-5.390388278327696,23.934344848328724,-90.21688195885937,11.04391424337817,5
1.5,right,0.034312650030854784,0.39423290228702523,0.1983701651605191,-2.309734900436185,-4.769069692253792,-6.474415094096047,-17.707282239277752,12.05580101056839,5.3340162828698015,-9.275576816169243,-1.331797591546067,-44.50027716515741,5
1.6,right,-0.04018348411781811,0.5571529341554669,0.11130770110889876,-2.9067355642287556,-6.844630074933022,-0.7628360630382576,-8.210634233650643,-13.079428454299348,9.02908756179624,80.1251419579692,67.95425224167099,47.14597573619917,5
1.7,right,0.015042657808315272,0.6090002545145343,0.18211703744296034,-1.6252234497701497,-10.71126365928703,10.527233817562367,1.6773692736198789,-14.304229912644855,20.527348108872566,-90.56761266243115,13.878149024566252,17.571011038783926,5
1.8,right,-0.021057970903838936,0.5614417597950861,-0.023390841640315685,4.041863661078512,-9.228803268612598,-3.1778402489798223,10.508453741319382,-10.734815299832125,6.500823075815418,-14.09900832360041,-101.21848191037105,117.75538372957047,5
1.9,right,0.0458637622299299,0.34710231711474404,0.09694221269384694,-2.698842024888694,-4.619037747480376,4.2201000641218895,11.136894913014393,1.3927042533394691,-0.3338405664914173,41.581158244421346,8.187273675600158,-33.281040014293175,5
2.0,right,-0.005834876848056771,0.4989746945197127,0.14894198667142725,2.4211340522405633,-18.20662237427585,4.024396325187812,-1.4551316776738714,-5.208438531783849,0.2607774164438327,-62.794286408020724,-6.193375827978025,-38.75810422123532,5
2.1,right,0.07844481124611274,0.45907039997002885,0.07932061076074078,-2.9847689261800987,-5.90760068922523,-8.157415973552705,-8.616903485946837,5.936388141024174,-4.87910888361587,-9.701512622154317,-1.6935376960895823,-71.49539404456615,5
2.2,right,0.014700447281031438,0.34456651607751226,0.08238602120909623,-13.161097884683397,-6.117396774428133,-3.555654124176945,-9.260596090753983,-0.3848922669411582,10.97789149001751,84.49611925350747,4.8693083363828915,-5.708558294520471,5
2.3,right,-0.0029846103617676752,0.4144600304716799,0.09657004105917835,-12.811552540650537,0.16583506676320425,-4.464381445644431,-0.32981319877958093,-2.4298108560114464,10.514008849339573,51.46938690431061,-36.55070454596535,7.020469467233462,5
2.4,right,-0.015548835366742012,0.5958419120885217,0.048202099017678905,-7.070440242660858,-9.290928226986198,15.679795024049202,-5.804746758734318,-1.2732173761717887,-13.194661595386844,-17.376348149254856,-27.07846455193007,43.33427826645244,5
2.5,right,-0.06011238309490016,0.44740030719012813,0.09106426169127174,-0.4864741001366468,-8.527959882896408,-0.262690650416498,-15.683519339604402,-2.2587021240899445,-1.9915831512516657,28.09428157235267,-23.57775733229071,4.221510136663396,5
0.0,left,-0.005762492834316467,-0.5818859756305244,0.08007961475877405,3.321526361667842,13.099737068225666,0.5140041855664039,-7.461467738895495,-5.517824088000954,8.91708079942548,-49.34261485689619,-101.93807036045786,9.755424735595135,6
0.1,left,-0.039599626216818166,-0.4425551905457293,0.10300042295089572,8.932666460850768,5.745287140909358,4.270173913536973,-9.017850026929828,9.72840355467092,-6.81787591647291,-23.39326809019232,-22.851091516074813,-38.002971820072126,6
0.2,left,-0.04603109778677355,-0.367887332057088,0.10036585363911645,4.375367547558733,4.393199547576462,-3.8531251083831233,6.9657215152515715,4.966488901639245,-16.138821065915185,-6.1058952777568445,-55.65374096474645,36.063213614413044,6
0.3,left,-0.00024307694176516653,-0.6815874546006879,0.0763901941388426,2.1590387197010603,8.824515781539551,7.476477360231325,-1.1096927242435948,-0.4752111942630746,27.665600494794642,72.92251184669327,-75.19087119083636,-117.4855033691293,6
0.4,left,-0.05607143297758186,-0.47302610400965156,0.07577994879202742,-0.042124571992452786,13.622548540940755,-1.2480799328092949,-3.0749424192608816,-3.695698029462919,-19.676762905286015,14.029125145125851,61.58700303525543,95.18592453270462,6
0.5,left,-0.07565980949131496,-0.4782595600155614,0.08631773501988141,5.499731523259431,7.042422580373476,-1.7166306104156726,7.093427817251139,-11.721172530437435,-9.024004731520934,16.6317021854005,-103.32528025611343,-46.64214418465932,6
0.6,left,0.07438848590133314,-0.4365603268808099,-0.01204214635718888,5.752853963277178,13.525108110692937,-2.4442822440020047,-12.829661100552848,-5.718138076500431,-3.5995378599843715,-4.193951751062782,-80.19462884264331,56.367738432260836,6
0.7,left,0.023695301762643787,-0.32421940125952176,0.11137493297095293,3.1437836048927985,17.67091399998811,2.1800709120026607,20.36639202145047,-7.058914192642067,-1.1459641789847277,10.964663747520824,20.89561249484871,5.743402193489309,6
0.8,left,0.03542271798070884,-0.5610548352113792,0.078884790155991,2.0524911833582578,11.50391432158785,7.966617859531468,-6.289841100672739,7.7060316545807686,-1.1823275200199141,49.5667937458026,75.79339382313115,11.782682475063833,6
0.9,left,0.09142820983019895,-0.5305941063717795,0.033196647704763146,12.17362081462679,6.911891279857541,2.175077187082561,8.96312782900856,-20.364160917125993,13.964520120884444,-38.05048190582616,-23.03039936368661,-54.25320035197859,6
1.0,left,-0.03552101482573058,-0.32272108343339856,0.039569897862717134,6.471295958419168,13.502346691638863,-4.579256183590166,-1.214847573845786,10.36522971448003,8.98667478825654,-2.9247922070204604,51.72665362975293,46.56594871022974,6
1.1,left,0.00769475145767036,-0.31895561920399684,0.12501353204030097,-2.531881835498929,11.070542851909078,-4.50516830739525,-15.788467808563125,9.655120433669683,3.53249917158047,18.67471589407636,4.556937664508141,109.84324982671674,6
1.2,left,-0.007086400204816378,-0.44755848573261836,0.07621813804146148,0.4028457507818741,10.304410821589808,-4.7887270019814,10.418544659958735,-7.105024835797302,-14.122618406489815,-18.325447076264652,-29.002332674890845,22.875867695516227,6
1.3,left,-0.038007263091850436,-0.5053896631544821,0.0706267384773572,9.05421999346229,18.25616168358697,1.910733714375659,-2.203378065166583,20.271429910127637,-0.6324730953861344,6.755892138637249,10.386696397082478,-25.3233631794876,6
1.4,left,-0.005684338124534926,-0.6244210812078892,0.17694987666524764,-0.8466801267903303,14.913772212464462,2.7141331473712733,-0.12399197993730184,0.18666949137346028,1.575936724097612,72.56241352809096,-52.430507351821,48.66278223976447,6
1.5,left,-0.03762522827456259,-0.36956626310240726,0.17494918207953275,7.972488859135771,12.426193851553382,1.571747779890301,-2.047776696562565,-14.791454778339846,14.908721159914474,28.055399286048775,-93.7831758429325,-33.64942479380214,6
1.6,left,0.058207849886598044,-0.5636648128482653,0.1586222269095249,9.20997004060401,6.589916044246637,2.9430303731769722,7.560745038326954,-7.687740333190836,0.36380843405006913,58.834790787940484,21.78820369789542,72.53558745323905,6
1.7,left,-0.027986819795602687,-0.27555401530779466,0.09112537764448576,10.709684714847096,9.507091070507066,7.365377308223201,-6.397681428966409,4.791873232859829,-3.197714432912728,-53.143431864061185,32.07534181361345,40.35913123407899,6
1.8,left,-0.012319167823044593,-0.36909385990923016,0.06132005120552987,12.454785264019208,6.008489286999037,7.123482504260266,-4.681176723640368,2.551123739102184,28.19026460157392,-4.662515451013815,25.665595983530366,0.2405743824358866,6
1.9,left,-0.026879444967943478,-0.5722723823749274,0.07065604626847981,0.4855294370138221,21.158321009268967,-0.43119893687123867,13.354812719940522,1.6105942874967139,17.7756560075828,-67.95742938319356,19.60111488834785,-53.90977019471036,6
2.0,left,-0.07741425054602573,-0.4989811181079986,0.1385462526251708,1.8256991627067825,6.9829930919851755,-0.6896490456922182,-10.787754142959074,10.003096510296043,-0.140255540064967,65.54934011990994,-35.7999000509156,-68.79653100511001,6
2.1,left,-0.040256749049575685,-0.5540695264592556,0.046927538804591544,15.227272793274036,5.704520756201008,-5.200196990662621,-2.4055891452805724,-2.5809994042638493,-11.387129966715367,-42.97734962365472,-32.190667793844,-76.39941436932156,6
2.2,left,-0.03399660002589839,-0.45540507049503826,0.05583190748589614,5.923759066348379,9.120642431647576,7.960769854688308,4.5821206587410295,-12.024577675137742,3.6505338010343054,-27.609272162760096,21.560210101199626,22.7626139790933,6
2.3,left,0.054177508564250965,-0.3874802095862439,0.15624056546773515,2.7392582427382135,12.443028801978024,-13.658655836521499,2.5838450664829757,-6.675701353393605,-5.574234286070421,100.22888088236546,17.933605957284495,78.91814611205571,6
2.4,left,0.00835038601301307,-0.4107432108013317,0.1957363486664124,7.322029936915527,5.97148605876674,-4.499144144907763,8.794636742710857,13.208285174868742,-1.4398358808163694,-68.807658769409,-11.353509647876022,18.265013755885985,6
2.5,left,-0.006536850408276271,-0.5412044032840334,0.20000531120968698,-3.9174049528248727,8.314988016469453,2.2064905334253737,7.87870995278292,0.4239147966023587,7.3572992231127134,77.66815670808367,-36.21997854834982,-3.3210759403031984,6
0.0,left,0.035380022419316114,-0.4536950726836916,0.1420161835549844,4.298443173668042,4.19574496650216,-0.16377852583484026,-6.907344098356996,-10.35672626116854,-14.860524659023572,-45.13795133473479,-31.388561730736324,8.033881730987572,7
0.1,left,0.03790648488219791,-0.6245685789132207,-0.01274819481726594,-0.1212594432471743,9.938945096527867,4.946427824617819,-9.31134808346374,14.775304019499869,5.735644634225694,23.364208459954835,-46.52576496234196,89.98114353630157,7
0.2,left,-0.0035626959596655053,-0.5461088507457323,0.07005732466155043,2.097054111547086,4.828915570853604,7.463634600138182,-4.0213411181578635,6.230983409574959,-15.571079067089926,32.426438461981036,18.005335613756532,51.245851629586944,7
0.3,left,-0.055880568949233045,-0.4892336379548091,0.09939197222255154,1.7546718039976676,5.418605649618527,0.9034806250809335,-1.1592295361872693,2.271869791630369,-2.0024814696293527,-9.87907700278277,-47.72165520809709,-18.64525714232585,7
0.4,left,-0.059218992004720555,-0.5021736442986168,0.08911693905711524,5.911841581984245,13.500646169233676,0.7701536516603598,11.81166425217301,-3.9062735098326007,-18.52277157502369,-27.711094978857798,35.36159910089816,-56.01126939765694,7
0.5,left,-0.06316831290800524,-0.5055437148269833,0.09696697435845794,2.9417166268096198,9.034774241419342,-2.8109487850101567,-2.7201804195193957,-0.261899972413726,-5.5278068740348685,-81.14444922167806,-23.023028937009425,-14.697975515858836,7
0.6,left,-0.07573722612600972,-0.40873883724214644,0.08468881668543354,0.6673447453696264,8.909472661441601,10.221472928632247,-15.8635761991181,-11.107903829485943,3.0778130901605216,-9.03745189766623,91.42732507466503,46.722664528002,7
0.7,left,0.03712151408073284,-0.662411528612487,0.07449000413727154,12.810143775041606,8.616019553454235,-0.5338302715800698,3.9017113188040153,-4.884276464304304,-8.31519994085827,10.264509569523868,-85.89033425626121,-29.804144665996212,7
0.8,left,0.037532432584281655,-0.25651737528535146,0.09547216771227192,3.33794224433409,9.469797944310473,-2.4289917751775274,-16.271335107023624,-2.2304514047449455,-11.601476942164064,-44.552514920035044,-57.81645528115498,-52.78738878510701,7
0.9,left,0.010098593460240411,-0.4259494735762111,0.02738068202336799,11.252666393092591,4.616022484004237,-0.6721983707298316,-0.8033523764209792,14.05718551007804,-21.602162335107668,-17.136300832549882,-68.94101172882976,69.00316190909224,7
1.0,left,-0.01575368396819987,-0.4537696767921991,0.11150313868822376,8.464666579517733,21.961035331248112,4.3565941971909865,9.405617000474269,19.389448437541915,16.718929632427717,51.92694659378289,66.70086854470968,31.86039309216576,7
1.1,left,-0.05163405888759031,-0.5466909884417782,0.05316463747051631,1.218089772646001,5.78922624705614,-3.311139258941564,2.1870432002708884,5.9476310656720655,9.638303368901711,102.24454290482647,36.50964032097704,29.57660305321382,7
1.2,left,0.04646046988058375,-0.5991835707499455,0.09832631561986734,3.0380541740778604,7.040021587954392,-2.085779645481295,-1.8003183913798888,-12.019931483613597,-7.683827920445282,28.932328700964206,33.24768943261479,15.38536567627393,7
1.3,left,-0.016712023644277103,-0.6732498111343354,0.09499498872772731,1.0026054089360468,19.040132621809946,2.5092506920814905,-15.301918625061418,-35.84704692019556,-0.4193601297054149,-79.87891208558328,12.546026127623943,-10.749090539607206,7
1.4,left,-0.0029954009699705965,-0.5507265113625633,0.13255685794419533,0.628926295563609,10.225195505585283,-2.1027067948538174,3.8120793390443315,6.465557400836152,5.764315676795787,100.61336730855344,-140.10773484502482,-51.17422042207092,7
1.5,left,0.06733216971562181,-0.4451575603944816,0.10650970789026737,4.6963003915218975,8.902837536327983,-7.758780405974947,-0.8202329522360672,-6.208521792467147,-7.79698999217371,-29.727449374396446,-3.0046662143513743,-14.802153487323528,7
1.6,left,0.02461111574303386,-0.3456682588124944,0.19565917138074904,6.898797364685238,2.746360680354556,-2.9779419521303785,5.247416025248834,-15.338502687040014,7.005651096831222,-31.895727912542434,0.6865715701680671,54.98431241998,7
1.7,left,-0.04145843282276335,-0.41755891627406805,0.1381195133358002,0.2774341421908444,14.123947289682917,2.7270098709552504,-2.5569998732251915,2.01618138709667,3.471916936401023,6.49530448083131,-5.800905736505503,157.80326264402282,7
1.8,left,0.014739475199985691,-0.6103463354900759,0.0864285596694974,7.546615169982974,16.31007258873904,-0.5850639753748246,-8.725119561327823,-7.188576710397019,13.91712407903878,-24.737454673217695,-9.281233629417292,-32.18614274821391,7
1.9,left,-0.03182763265073276,-0.40920460255486274,0.1610396345156243,8.446564164413827,18.94150223036887,-2.287072848626565,-3.6954367732481517,-0.667138269904019,12.999058835698937,-82.31682740298044,69.94913440893625,81.50940424637056,7
2.0,left,0.027150776676879443,-0.701556375636675,0.07546689377171993,0.1746491536875583,12.284853407938012,-2.9407576846599555,2.929702980135768,3.837694488196278,-11.06827100135682,9.383936058593267,-15.60477302959176,-20.874961884792352,7
2.1,left,0.016153324537841483,-0.42423595301553746,0.07500922406542641,8.395174231293078,9.724323254831985,-0.9606876300864093,9.449280284901327,4.4208499155322905,-8.839063370136623,-87.95288093025891,10.7438367150865,92.19376347683227,7
2.2,left,0.06365879908846017,-0.6206493066827778,0.13599073846147886,10.024624055511818,9.036588076017566,1.7634334366176987,-6.08795788994946,-17.759324915417324,-16.83829259481174,-6.451011798786308,38.629358404558204,-103.02402888752802,7
2.3,left,0.044221789843067204,-0.5131384229513094,0.10158585492348808,8.12692747466676,16.05780869239673,2.6581269673755075,-17.85802349739996,-5.476023552359938,10.597412287220005,-26.811527352515157,-21.402493658315723,4.767859325346654,7
2.4,left,-0.11332779963729951,-0.5218712066131276,0.14703912693044932,12.16168024814263,0.8837958965740373,0.3183906732876457,7.051579402085862,13.080367653698605,3.615686306069504,-2.5019546732744327,-40.14779999966284,-8.689031073002246,7
2.5,left,0.028744972264622776,-0.4470530963577486,0.13875556097765374,5.14004892467244,-1.8752803542679093,0.17066279139603474,-10.94709561015984,8.406927556910048,-17.264342001214665,26.686019605463684,81.37620161625885,57.21344594050775,7
0.0,right,-0.07402894126425323,0.43727668153742,0.09964909335364891,-8.656222334189215,-0.5142346744783701,-3.1872374295569905,-11.667296357277417,4.20428561053769,-0.7638623315089392,39.754744171954606,-57.788254684117625,-51.29312519007701,8
0.1,right,0.009786644016457773,0.3481550441074367,0.07715111465392233,-6.40201994264172,-8.341494373245505,-2.7317818675944547,-9.960052911253532,8.817537984845224,2.8968836595927696,23.499585110239572,44.88127638620758,18.198361813340192,8
0.2,right,0.01960343645280528,0.5812991809151391,0.15022881660406961,-4.208958596807891,-7.447722775114913,1.6816402542803053,2.0177178384917873,14.399392894972383,1.0057019958204023,48.778075782625145,5.319802009909378,95.83931230704454,8
0.3,right,0.09328022790399454,0.4599762589190197,0.11531835428420706,-4.9910955393832905,-5.555380782731142,-0.08126364732713089,19.80379580037153,12.596537095280409,4.445981881696415,-1.0754845799196828,-2.236628025361214,-21.89962887914198,8
0.4,right,0.02053746526632699,0.4627578770394048,0.18490386572816056,-3.8741084673675585,-14.418762242117065,8.38813593568637,8.728650020335376,-4.340294661038184,5.229922161473301,11.834512062409262,33.75409000254265,-46.4430435072344,8
0.5,right,-0.020919832409576067,0.5384288186998807,0.009475224184959274,-5.8362094534395474,-10.069640823931726,3.8745064736937223,6.251376194676843,1.71336329178849,-15.70304469989515,23.46133362554723,0.9209491190728265,-42.22684837663606,8
0.6,right,0.025681364936289093,0.7032125107247492,0.07910779522486683,-6.835070130240188,-8.431332050637337,4.7145404121488745,8.015312102646199,24.438078513468998,-6.805689039524573,-13.194949884721416,-7.544883251957538,-58.5042657230216,8
0.7,right,-0.008231518287883136,0.6475159371378345,0.06701504633178015,-10.841985291576316,-2.506597627212602,-4.832365950907756,-1.708195988817208,7.8549244978846176,-14.630896880051115,51.86456345498445,-52.030803554390445,21.604547594629107,8
0.8,right,0.015306293465587205,0.6763704451996175,0.08123457864308874,-3.8566492203666556,-7.0082822142997205,3.968988233371925,20.549864883401018,-18.485862091021673,-3.5113900351302045,36.04695218432875,-22.45266950773366,-26.9689538134832,8
0.9,right,0.08040700771523662,0.43012419995459905,0.21227323236441006,-1.0418436741073474,-10.953116942528805,-12.297106267095707,3.2692684186116825,19.339926153978265,9.436067867013108,54.666551187364156,-80.27027644341919,-6.5122649655968505,8
1.0,right,-0.006454540618837968,0.4156694736880943,0.11713666110830506,-4.592916737812446,-13.331226997209914,-0.8738771123972127,-5.3884081137989845,4.828947339865684,1.615935484519858,17.049551312715337,-18.176737630702284,-50.66702526410383,8
1.1,right,-0.020453793389124578,0.5793901198338121,0.1349372106764174,1.3668638875756063,-12.808223091440908,-1.0318085302641493,2.2355197862292284,-6.7551713602638666,8.465007721174219,78.86155199278494,19.170557125638474,-91.82007448304606,8
1.2,right,-0.0069366320435363385,0.650221076390496,0.05436064097817861,-7.214316151251606,-14.108964184291954,2.1625389270580895,-7.964748980939551,-6.288108911795142,-1.6934307230211034,-31.583351289997385,44.98700444702915,64.15824210786906,8
1.3,right,-0.06316098381280193,0.5012909337955751,0.17579235733332776,-14.44840613013301,-13.932576987330155,1.3302388095260822,-11.751809431301997,-8.805563752239632,14.9822671096446,25.269035593597867,-13.13349112173391,46.66351076083482,8
1.4,right,-0.07867824636876859,0.5715155999571468,0.062253228994791736,-3.8722898800957353,-14.529582576642294,-8.429757338278376,-1.5444892707367,-8.988740607733002,-4.4810499664388495,-15.353954565911623,13.079248931778285,-7.24254732707512,8
1.5,right,0.04317189041509808,0.5845145775699123,0.04685914104638921,-13.217389012229315,-12.488712371733191,-6.860399865664938,-7.842448026711742,3.279051365059533,-11.819820638170093,-7.489371285903166,-65.48346675988695,16.86258674378271,8
1.6,right,-0.045982561695712146,0.5453669560839242,0.13636030471377958,1.4148226067636083,-21.500536131067616,3.881604794488615,10.164471835282926,-8.468806126884454,4.181608604597699,34.150662029569716,23.597770342839425,-4.766289818771387,8
1.7,right,0.014522575445883824,0.219432752337214,0.164644511255507,-8.501045909134701,-13.083971188122025,-3.8230974336469554,2.4943334582926155,-3.8983001611377293,2.2575771866506043,-7.84875513844011,-32.0402466370665,-87.34794169363373,8
1.8,right,-0.04747926506996395,0.6047267122538507,0.10923825756816959,-2.238492297403851,-12.165231001552579,-3.4737764342741424,-10.101162191366056,6.985630756443818,8.937480838712263,-15.358816453821591,-37.15495183294461,-51.81362799076239,8
1.9,right,0.11542882227014944,0.38213744720539095,0.13879298792451417,-5.941060475428812,-15.573688749006864,-9.748815345457091,-11.2976208464859,0.1758680567719753,-2.192599325194911,20.372101569585315,-5.627446853297325,-67.59768455143352,8
2.0,right,-0.05441180134013965,0.6589707531023185,0.10442490303900906,-2.609471976924234,-2.4005019249447876,-1.4062316315301027,13.713722071936656,-11.63031896671903,-0.13067997552345284,119.55687088478564,-41.35878642943405,-19.853197031660645,8
2.1,right,0.00748842137296198,0.44060208684586555,0.12555323201841628,-8.201322083383813,-5.100143210320598,0.8843864462067863,-7.9940932885230325,-6.926122040677174,-8.117637885715757,26.564037365277844,72.31458740208627,-30.349391120630976,8
2.2,right,-0.026462261257410524,0.45122684183556283,0.19361789245232097,-8.549094362299114,-6.226249871181002,6.669244412656164,1.7082420770485194,-16.24351855113789,-6.299168602053067,3.4093364921631597,-108.51167476684891,1.0728548642186369,8
2.3,right,-0.024250573145112014,0.5584403085220427,0.15687163918415248,8.053378815946811,-7.582899058409238,4.371707296523375,-1.8243878267163918,-8.344676538985814,-5.829754237596042,19.214881944020156,-38.05450480583884,-10.596279123124427,8
2.4,right,-0.13892639973730989,0.4703770711752765,0.14265321281626248,-3.981772696516307,-6.71783900684278,-6.608820069754828,7.687154152690496,-20.634931932532798,-4.887220388478303,35.21487965674746,-2.6031800897575863,1.2770635465543578,8
2.5,right,-0.05826829899879041,0.5374889317109527,0.1648827742439143,-7.3835509830907915,-11.975759403628196,9.285623610559266,6.899742354553133,14.332888530962574,-10.630008361312663,71.83500169975314,53.56363549858491,-14.035849296184988,8
0.0,resting,-0.014160880057375603,0.013826187392601998,-0.02072141719529524,-0.30895081241645955,-0.18678672482382883,0.4113599929271648,4.29400385366752,2.5421260440060722,18.447833276924147,15.799107405469009,-40.20417452991329,62.10486889345489,9
0.1,resting,0.006379403747394041,0.0001721220360544646,-0.016591142747815573,0.8653017621961956,-0.74352519135471,-0.46582983109065595,3.6858353913381245,4.003932353505425,5.180077068312714,-46.7744999865033,-6.427215532929622,-46.932030663615684,9
0.2,resting,-0.005797595169252732,0.008018622660087463,-0.025236252983839528,0.3693803676147234,-1.8872581313275105,0.6812520223565944,2.8314913433372664,4.516637367626321,-17.67192330554112,-116.42261755709062,-56.087596528373794,17.479498222972577,9
0.3,resting,0.024341020670393426,-0.005360999586850013,0.000559321382366821,-0.5066094677722609,0.1445826097405401,0.20667211581596395,-7.904332273289871,-17.03885950575204,12.357510772061204,-50.12445886724763,56.71680537389474,91.6218505243927,9
0.4,resting,0.00023474505406568242,-0.021918964125040574,0.026760274059959798,0.5034293734237725,0.8512152552677347,-1.6921148528516459,-5.129863863372921,14.653851729002579,11.578042271987822,48.65167771487892,56.754184423160304,77.00563913056693,9
0.5,resting,-0.04329348384470737,-0.0007391431655672979,-5.412960192727047e-05,-0.11852230018086557,-2.3260868622756283,0.772737129308094,-0.2651608511856336,-1.8017702842850976,-7.079013359128443,-13.63794115025346,49.120272852417,-47.44059344352129,9
0.6,resting,0.0035811539067441872,0.01430756236272771,-0.001633027137604745,-1.882050383489955,-0.8447254114946098,0.8117015455546557,-3.170189401365904,-5.790791945821342,14.535882125781196,-79.10311607172001,-42.932334140349745,-42.65307159916282,9
0.7,resting,0.0072808722811666775,0.006144938289446076,0.00957932268601445,0.8695302820115719,-0.8623361390905075,-1.5285470523814306,5.764861008770521,0.34097295261187677,5.618664828775439,32.79073416415308,-53.36237185462521,-38.52316325879715,9
0.8,resting,-0.0034717713522018,-0.0043487510950984696,-0.01965574669981442,-0.33275074719684883,0.1946741502131078,-0.6040417664142017,8.181293953130185,-4.407593622860571,-3.638111475362917,0.2609115970937585,40.385859524611796,-58.206253055797276,9
0.9,resting,-0.0365654140590511,0.021619447056975296,0.008291111689322775,1.0104470353623785,2.1260615587363016,-0.8560923134565389,-1.3322803150930707,11.174382679518839,-5.20436775209853,-18.311793437558386,8.855293946356642,41.60847808345773,9
1.0,resting,0.00892060667313188,-0.004498265667828617,-0.01635500830952297,-0.7409713427869866,0.44668411792245033,1.0901419947594153,-4.5706725274235644,-3.072557269548156,4.4184027868846325,31.433765489297212,34.10216659817563,-14.741149782885119,9
1.1,resting,0.00573767633090381,0.007043434831793358,-0.00034329646030542956,0.20932484680170838,0.24219156878001735,-0.15125347779736328,-7.7083802984591685,-3.13516079095028,-11.717889141243669,47.03087386515384,-21.998355036184524,44.52735785675591,9
1.2,resting,-0.02599465935789389,-0.011785295242225532,0.014182140463604515,-0.22788743168242914,-1.1083364410248215,0.4253760002639347,-1.5706596902916927,-0.8721360497573383,-16.751114808509758,119.00907835394273,-25.888705380065158,-21.272334893276675,9
1.3,resting,-0.021774417976339916,-0.008770888664563875,-0.024340375945232317,-0.015471087478305478,0.5793728327040806,1.1454204995462227,13.455599874663392,2.8764908279862627,13.79388917126513,-15.40552961370532,-41.44681714804286,-112.47765146746451,9
1.4,resting,-0.021182033705128122,0.01165091385702358,0.044276667670654614,0.7760607565095035,0.19836860594034375,-0.20036074844546467,-1.4700140618111908,7.364216690482745,12.849283188819975,-5.983421397193751,-38.29058066266109,-24.624832829218825,9
1.5,resting,0.03600392826943217,0.014855700071940432,0.002678387854392126,1.6308900772232848,0.18489389342314083,1.2066825875379599,1.7856238014202312,11.424386636592693,0.5250984445853127,-45.301733813901315,43.37356448768157,18.674487652194287,9
1.6,resting,0.013649807194456937,-0.007863756493139324,-0.031013485955248728,0.5119448761857432,0.8391229906848281,-0.03642301360418971,-1.0440053114361532,16.560794639366694,22.071246130300047,-7.679433423009471,-33.52550413659316,92.18590624755694,9
1.7,resting,-0.005002693981488212,0.007319635224062958,-0.001638800444310901,1.0362822102725326,-2.201630459699008,-0.21296359373812035,-14.032099795341404,-0.9885660771608408,3.761522638442529,20.216856472741533,26.106609400448065,-12.641495904085446,9
1.8,resting,-0.016062385011039647,0.008133415744624548,-0.002016031691502336,1.2389512978705124,-0.04298121870729131,-0.2996081959496567,-2.2604882774328905,-2.219735097356143,-0.5647945421429507,2.50672817116085,1.3608592884271604,21.365739900383748,9
1.9,resting,-0.012250971260774558,0.013154657574788784,0.03135446736679209,-0.13258789670488577,-0.507456858162622,-0.7180943199449801,7.760086833211144,8.792827249223038,-2.9956708047739955,-2.8278617112107587,29.59662880787049,7.9982197769050165,9
2.0,resting,-0.002490028616895479,0.00932815494573319,-0.019964313674378207,0.764215818179236,-0.7052849174527128,0.8744275734497415,-19.40006231164751,2.385741076322022,20.55830912518962,-19.15980422325587,20.89433199139523,-45.211619408956174,9
2.1,resting,0.0061382322485354895,0.03301088154293762,0.02479897970995131,-0.47875258166104556,1.2213642500851816,0.7532827863444762,6.065762905740112,24.26522197248468,-4.809007166755394,29.798106018149046,-26.001032066638103,-68.6740552086501,9
2.2,resting,-0.009816017543007108,-0.01869930851937456,0.014649296934350013,1.276641439530165,-0.0024860346676077337,1.2945177608052927,-9.214682382211834,-2.412191410615235,20.798318637037497,29.758657055015448,-15.464441619584871,-2.157468167495214,9
2.3,resting,-0.021657791078327326,-0.0038270908277672254,-0.01351946996459575,-0.16306584912949926,0.7203481857749584,0.5915663640438491,-4.540899596257833,-2.218102707564812,-15.336191743640615,23.814734778634193,20.05028179518405,73.77414460697383,9
2.4,resting,-0.015131195968779798,-0.012939605518497516,0.008740350842220988,-0.11692489199413175,1.43437530088115,-1.5982823726015376,-9.161774918149815,10.176745538545688,0.14987343228062508,91.16676211278626,14.85189726780165,64.93398385936676,9
2.5,resting,-0.007223433806420654,-0.028075874330897223,0.013282052079906532,1.2951113785803539,0.23004267310881213,1.58751206368363,-7.019023753694697,-6.116631693897591,0.5344637147399565,38.076270964133066,-68.53402920986883,1.952161498549686,9
0.0,resting,0.015369630154918297,-0.04091658300159456,0.027751107718079728,0.026411512997240344,0.1573914092346127,-1.8058662546124258,1.8018614124056063,3.8607655962281635,7.196736580713,62.8591626318842,68.2443438974676,18.802096350416033,10
0.1,resting,-0.004121808879021423,0.011010868335233757,-0.0030593320640418227,-1.0129302540428253,0.34632721728743604,0.12544959142231635,5.124291607505125,-9.48919768759568,4.7675782536703775,-19.957040602939298,-77.54012440897546,-14.74193977793195,10
0.2,resting,-0.006442893496642178,-0.03486508556953001,-0.00342057897153125,-0.06969596940194901,0.20790101708963216,0.34919779838234916,-11.771039027861544,14.654599874829032,-0.7415302376479844,119.87006195750305,-21.981772079655553,-41.43531830758399,10
0.3,resting,0.0032249132128935086,0.007097662825835349,-0.00037792367017139457,-0.7751264225633253,0.3331143528593349,-1.3090351708328112,7.95497008463122,-19.24318101815972,4.641252306845677,-107.52750526679516,20.57389875543517,-53.46628346057014,10
0.4,resting,0.012145624946226322,0.030672103863062895,0.011737146591977428,0.5308310576297135,0.8550687125614076,0.5347775178244158,-12.891137386466184,-22.321359923288675,15.02786313400977,7.6791107794240645,-38.20253136024713,54.896280062050685,10
0.5,resting,-0.011418372287506735,0.005063815126988598,-0.05141728364828505,-0.057484739022273953,1.3566696150094542,1.390306801700677,-6.475333965823534,3.3502709185108532,-7.774827021383663,-24.882283681825726,-12.68828586995723,-23.969745317881287,10
0.6,resting,0.004859918986110231,0.001435285195435364,0.01127598007497534,0.4610613622469428,1.3768203069379867,-1.7704868925648163,-5.626463310097577,0.012684298349933187,0.37959879671995017,-12.994957565855545,7.073012688475981,41.05021419215245,10
0.7,resting,-0.010097375689282817,-0.012455312268928018,0.014496022171912617,-1.3669744076123667,0.21156074313982096,1.7476109615316802,-18.06305374819762,3.3466685544855324,-2.6985694393855257,33.64263920396947,21.082515131538454,-15.165779438495472,10
0.8,resting,0.0024316499458323327,0.0036140870878220554,0.009505402507542084,-1.5659674691104581,-0.5156207385734435,-0.13434738152478548,-3.6444136372658753,9.522917392155737,1.3354756135358083,-27.290715969143374,15.131750870018083,-71.80524658250687,10
0.9,resting,0.006564728236363507,-0.00045558926958581526,0.017353307908319227,-1.736496829484709,0.9201749043966726,-0.46252142242315425,20.049677141714955,-7.793046513757713,3.1130609801394793,48.341255423985125,67.73952728443132,-11.955340079132485,10
1.0,resting,-0.03143612109930984,-0.003790214498809942,0.033773978046780645,0.2620511260485755,0.1420751950500926,-1.7574177398802906,2.6787108051805864,1.0961627187089154,-10.730603365026937,-20.7303580262344,-17.072481705835756,-50.136211767801996,10
1.1,resting,0.022463897796119705,-0.007576663061427171,-0.03475044420586925,0.3714759245954161,-0.6152299506235989,-0.04212226419181833,9.656565002602589,-5.420495854350489,-1.1235108057416365,12.165221672691032,11.951565400465583,7.8052316781899185,10
1.2,resting,-0.01780076413885915,-0.008294140284337713,0.03862256738329346,1.182761209693991,-0.43360108180655094,1.6877923522421123,-3.0480178301066525,-0.18455543210486425,-0.26799815471213584,48.25954348819887,52.994599968023515,22.996367280089515,10
1.3,resting,-0.0046132172629384785,0.021215834935752294,0.005188749424169337,1.9705838511991516,1.2828427122566637,0.7572604524712977,-18.925622086964058,15.842751359125247,-5.625204290689383,-4.842151512680442,13.079771916622187,-4.4341782192761965,10
1.4,resting,-0.015284960132657559,-0.04127825890214168,-0.02841673281265449,-1.3003042687189632,-0.4783420735297394,-0.47896849919619305,1.8701499899102958,-11.164773386393614,8.661674269279871,15.8754197329392,-35.051259361503604,15.00639247475444,10
1.5,resting,0.004720738907919901,-0.013991417622417226,0.021257417738955835,0.8995842649138333,-0.8192748291063456,-0.9707374519369876,-6.366818793555539,2.5835838543715397,-18.517147374700855,-1.981852231180688,143.37339719827304,-12.104808095008247,10
1.6,resting,-0.0021662892138429655,0.009450992623940327,-0.007404754744034399,-1.4892962788369464,1.266800812240722,0.7565975608007832,0.7734496859293473,-5.8403827558346215,1.0233290705173317,-2.293383239509787,-40.398985660640584,-86.74851539618086,10
1.7,resting,0.009613184900803285,0.011873603245577553,0.003653909849170809,0.22024775022861004,-1.3697431479089313,-1.4485092920804261,-3.063113578317984,-6.774086472312687,-2.954632978159211,-54.03632827270635,38.260305214459095,-35.19922624469746,10
1.8,resting,-0.022152006010453047,0.02258095215585974,0.012091506432357313,-0.956315177647777,-0.25671640608487883,-1.2444978716925432,-3.880975802308771,-0.18701937097533913,1.598807380374325,-59.27130336289783,35.7648047820402,105.50635269699585,10
1.9,resting,0.006973420227522032,-0.010175695208027555,-0.0002768718985140827,-0.07356104041664892,-0.8442573459219624,0.7636622710616336,10.28684084878945,12.368564825008256,-11.668469010387312,-57.39901187258909,29.305774128055788,-70.31895295858455,10
2.0,resting,-0.01797865336938034,0.027484804403260527,0.01419321769786414,0.07466309273994454,0.899209736476104,-0.7053105100557009,0.8139592086776232,-4.36386917632639,8.008452611778365,62.7683443108499,-11.095375171443743,-71.51619645890783,10
2.1,resting,-0.02503147182260638,0.020907255393640464,-0.0036064433539149143,-0.6858595905028044,0.4638093309947744,0.5629169609379974,1.8267251493498227,-7.824616397528893,1.7078685748239721,73.44916625943705,70.43047590700866,-18.357852907279995,10
2.2,resting,0.0014140259970432997,2.5062956292675925e-05,0.012757399003843563,-0.4044166907104936,1.0897795780374857,1.3643560922565157,-2.2975661239644882,3.0383251653617274,-4.331071817999842,-7.154940281348606,23.47005577821561,-25.843702399441636,10
2.3,resting,-0.028326969483783375,0.03579571352143133,-0.023479772105396195,-0.977418991499799,-0.9446449833368559,0.033091290973153255,2.082457195948733,-8.96274657198772,-14.963339078970716,9.464553908685938,-40.67469661761556,-12.99556208157156,10
2.4,resting,0.000587613704454998,0.01089006418042998,-0.024958220286437363,-0.02637867863229827,-2.0708241909297906,-0.6110983528793407,-0.17812931737229015,-0.20423226283197896,-15.818363195559751,45.72557186938309,-95.49128153738808,11.534756388670463,10
2.5,resting,-0.009480957524503486,-0.012075262061362276,0.05801667981434749,0.13146712466650862,0.38090516502349303,-1.8796114395338044,2.902097665477195,-8.361939097439269,0.10646994285319371,-6.5062146441944355,-25.728720953632493,-52.24182418355482,10
0.0,right,0.055519017634669876,0.5289242199552113,0.02888250105167045,-11.555666426403217,-15.850460059622963,-8.555789010204023,-19.29345407338061,-2.870125100890638,1.5529411071300956,41.824656813056706,-32.99250477274685,-2.0440758180818555,11
0.1,right,0.005714022692918162,0.6011399982501718,0.031414944275924214,3.864956782597904,-6.823721790341595,-0.8177372479922742,-8.25021155864275,7.764039534840025,-1.1158964447533508,-4.843969680817772,-10.6875004723861,11.464456410614426,11
0.2,right,-0.050810192581094586,0.5435119160232476,0.1279082857537689,0.9122180626709833,-16.090040767115774,-8.637754207763077,9.490415735524442,-3.0322133703076037,15.23397906786142,-8.43410867787232,5.9316973652355465,34.98980703724207,11
0.3,right,-0.01971423027483546,0.5523675795939893,0.13028335631286678,-11.852123328723062,-8.716915571512056,-3.3384847883045383,18.97079453808953,-9.204597954907129,9.815929124342196,-9.230246543120584,-5.2245035520746175,66.2483602260148,11
0.4,right,-0.02881675751941802,0.330076205771928,0.1330404937472037,-0.654620784249766,-15.692570846114704,0.8607709518603922,11.87137307002078,-14.053307089476663,-0.8428679078480845,10.126983489186356,44.203191190637106,64.50904203656923,11
0.5,right,-0.08379576672755251,0.6407229822316841,0.09502175349672015,1.4974057501337104,-7.512726226063723,-0.30608464614140274,-9.39218491097417,-7.029558944444726,-15.523746170257615,-9.987854782926954,33.08530938373265,83.91256378904953,11
0.6,right,0.08861806666997037,0.5762932960468485,0.05772953580264923,-7.064819991521569,-11.268554757634895,-0.7680571778476057,-14.407492561610582,-19.18392291497182,18.618973918993408,-0.8830779996879516,-69.939806636117,23.291576904010643,11
0.7,right,0.0028963816073949928,0.6182694076519688,0.07406897424505973,-1.2873795837371258,-4.664132874293677,-2.450462775156614,3.7386069474873054,17.021548200723423,-7.1181825691174,31.403537925615694,19.968690388652202,73.47632542467805,11
0.8,right,0.022611391772445102,0.4191080653941238,0.09471810237488587,-7.536887025070868,-7.5804259755906385,-2.900721914844377,-19.828024850320357,-0.22206952751216297,-4.314805246443635,48.46209527507631,-46.115566968532995,-123.31998245396609,11
0.9,right,0.008511064762505068,0.5540944562080575,0.017849067649182843,-2.3964243377904553,-2.993322364029388,-3.1766890783496704,3.242431958004286,13.694847528430126,-11.889731491470386,-68.95032414338714,-75.68383307739971,-75.02863650441076,11
1.0,right,0.016182180329615558,0.3862987142160759,0.12898188642431554,-13.248285538310089,-9.64823251548054,-7.486249796508703,14.146753457756919,-7.874127323081893,1.7271500792037844,22.48764557056424,42.21140602815893,-46.16158032920203,11
1.1,right,-0.07258293005578347,0.4580901387456774,0.13133621601409373,5.980459325683128,-10.633211982240226,-10.125383125349396,12.43444204371345,13.787686105019256,-10.968583136702739,-37.29019216803035,70.93089726091239,-97.60869219024121,11
1.2,right,0.023147543477464207,0.6024866204280368,0.026309035299706185,-0.39889022717412903,-11.083526871062581,7.178144560808185,5.353315483115887,-3.602340307559012,-6.666476177603179,113.74388325114128,23.614484183725786,55.22675459726018,11
1.3,right,-0.029980563097785896,0.3081760800265742,0.10007582658204413,-4.1090507063709945,-13.404435946920342,-2.2557526697017654,6.911906092777062,-13.926861676131107,-2.404050969034483,38.00200813018749,28.583732295033187,14.422342372268831,11
1.4,right,-0.13257895637624698,0.6162482304974,0.16221660309286698,-2.76855221603764,-15.658628927504967,-0.7307983696856744,21.565012257920998,8.857054849793434,6.050947494278034,-53.36044980775715,-2.0147875502573163,-11.963767928853764,11
1.5,right,-0.01602484830664509,0.5558553209849771,0.11038564073109983,-9.073517197381923,-0.2757469789126148,2.6061693315419427,1.577498856921551,2.6699084064396876,-12.288646989717321,23.461506687392962,65.70489963763636,16.078872100939968,11
1.6,right,-0.02028811413167079,0.3580203792470726,0.08550622892801155,-8.322773944415331,-18.657572172703766,1.4029843699165203,3.543100000394025,5.095161024163551,-6.625244011042678,-14.610437216556027,6.128597230391822,-36.66081130419372,11
1.7,right,-0.0005338579356035375,0.5520404988944757,0.07747426531830712,-8.568888517363908,-7.1704694699478715,9.361494876095923,5.893277900020094,-5.639746880381708,11.21786026484669,95.8809938162469,103.45018176561618,-75.50884444928514,11
1.8,right,-0.0055852642375009065,0.5576162819700692,0.1467317787498423,-2.530566169060823,-7.692295318135262,-2.573819743675844,24.904884706401912,4.344659642892303,-3.7542354924843107,50.90705949068831,-25.85139147935517,27.18105273646164,11
1.9,right,-0.06518122068207899,0.3893136934769852,0.12035788931842589,-7.066685143211572,3.766909944588118,-7.908393977397244,-9.25399770321417,-3.902614867746052,11.235023353800395,111.74047607303663,-69.28189301259317,-41.98325880007675,11
2.0,right,0.04126948740340642,0.5474053481035965,0.12401975325684422,-8.81165598214913,-13.079978828340863,3.8036857651857896,-2.505979528438412,-15.47296277768423,-7.347681498909477,-9.217162275082897,-79.04498943262818,20.883264260727376,11
2.1,right,-0.03127700161783396,0.5243060754182539,0.11241128237792007,-5.51309418521853,-9.293720360738398,-9.316001193569186,5.818688491920452,12.762959417728412,-21.954291995988026,31.717989852331595,41.69996294227492,-11.367958868163566,11
2.2,right,-0.03543559838173029,0.5003646396049136,0.07564836099645261,-7.719783007412351,-9.597382060210437,1.4060744215842733,11.645507919235387,2.734136023276025,-13.44258563646299,52.652557319565304,-76.08608522444543,115.87393380122705,11
2.3,right,0.10961076509495547,0.5631545432594534,0.1414217525900372,5.342158035272316,-8.69671128154816,-6.162454223645973,-5.806920293239521,24.401450984979938,-27.127063752074694,-56.94169969502839,36.98603850476465,-20.22528783058929,11
2.4,right,0.08144272291662724,0.4290490062859967,0.08993065197947141,-4.012994356097583,-15.757540279733087,-0.24288538258897474,5.510503414727844,-1.7729614874469066,-14.657144241343289,5.645963952374495,87.3948655986057,-61.37782817543157,11
2.5,right,0.010258598866949811,0.5705219561061505,0.15938714326188758,-6.3740827864482075,-18.146472912185605,3.012640008259957,5.043315177439238,-4.5563129189291915,15.023446562362416,-26.231823235040576,-17.717148607231408,19.241176210731627,11
0.0,resting,0.03358410313663206,0.017538992775931513,-0.04066413877642912,-0.13670908784756997,-0.7380669769293632,-0.8686867998393843,4.4546532765962175,-4.561824400516513,4.24047588704926,-11.343710302856605,-22.085086855207013,18.685095460587974,12
0.1,resting,0.01391539686137371,0.006304036863361951,0.04755088244148656,-0.02230287591337328,1.3461279576645104,-0.3115940868425958,9.518485529711398,6.882122920096231,7.51835685074848,53.75738952129322,-24.502299695915,36.06199944645583,12
0.2,resting,0.03596279842376156,0.0007250917275091887,0.03889826472864726,0.35535235917681807,-0.7510094967680353,-0.08742773883308767,-16.902837870106207,-2.6663481673011393,0.5456707901346168,67.49656263032516,34.90293452389081,-93.16521326879415,12
0.3,resting,-0.020038027197475418,-0.017640712850246296,-0.02832613022795045,-0.33778993757945,1.5639798232156517,-0.6437871860307927,-1.933962094028895,-3.236382496107662,-1.2159200361318017,-22.69199800825738,18.98823911047092,-29.30896950703766,12
0.4,resting,0.0181672753595323,-0.0087166432703061,-0.03667444733377334,2.2005542620051632,0.6311050408088786,2.2386572467303205,21.108609700333602,-6.091199257956458,0.6089437454376075,-4.16327940325899,69.06507150216375,-25.69788729549781,12
0.5,resting,-0.016123642420991135,0.019036516683138716,0.03554077217628406,-1.285174809646214,2.182901833368001,-0.3129939653897911,-1.650086498284398,-9.123763064593362,10.765634098742119,28.15755788465955,7.306464099689124,1.8586438843719453,12
0.6,resting,0.0025346050452437464,-0.011425417573645775,0.0035989312090631553,-0.15853819525074894,0.49021766919619,-1.5141621364648068,-8.42070569595619,4.216478822830724,-15.6253547188796,74.36518741515789,-4.390495147305796,-7.762538424042285,12
0.7,resting,0.003537298464401426,-0.013674093341864568,-0.019068706726796975,-1.035388214923185,-2.2006118229305347,-0.2223967850039819,11.278741366540647,5.057944190694418,12.102480857174847,-11.54426101866065,27.659688735015326,-80.84639246937527,12
0.8,resting,-0.010423342242411123,-0.0054650432451474355,0.014855581246747159,-0.8014335142413448,0.561713563604913,1.3569505259180026,-8.132863819031991,6.191465487085913,-5.382433734420701,10.942638302484136,45.80252285428636,-52.68986821694184,12
0.9,resting,-0.004661724309762196,-0.04020329282942053,-0.023203874998374067,0.07795938375462406,0.26292194619164716,-0.15480942308112441,1.0226324970208027,0.3171959539249741,-18.845593542604437,8.694094655312153,-19.147866707099553,104.3795191477503,12
1.0,resting,-0.013181570000683296,-0.01698038032119801,-0.0074090881223397055,0.13699182444477984,-2.17927420271692,-1.9778553015861686,-9.099821703546615,0.32780961920109075,-12.948493686497333,-23.689078218771577,-82.13655713716527,31.78805877732997,12
1.1,resting,0.008232118650413971,-0.0050615152389516405,-0.01280456073996306,-1.8865396913765207,1.0095066457146833,-0.4103392604299633,2.2375305821682385,11.737822956043155,-0.037701440216448355,25.259874774857145,50.806280305165885,-22.75067872760183,12
1.2,resting,-0.008382122612371003,-0.015454311883932705,0.004102694420878064,1.0279812941559963,0.38099811354081714,1.460166919132603,-5.789253609591697,0.9929555806696782,7.384032647110557,29.53543075584341,28.16000805015496,-4.5363776459207426,12
1.3,resting,-0.03570336281399395,-0.008411517686228016,-0.027185054538203732,0.38975804943056885,-1.462669519539673,0.6916404604194523,27.712951784108103,2.81561853165679,-2.72850743771595,10.441228961813758,-16.446215339951546,86.56784236472653,12
1.4,resting,0.027433221096588932,-0.012729170338905579,0.014790386923035775,0.8696142778496678,-0.40270811468157364,-0.6199018546569283,13.75661167899291,-2.654762033763765,1.2654877344180386,19.89507955255636,-25.78456174700557,-42.015115081491814,12
1.5,resting,-0.013843206739377346,-0.008562051787785322,0.015978375036815744,-0.3412172303384168,0.2734207102925975,-0.31222215097086536,-0.16068380106263672,-3.3763308021284058,10.416864042418252,69.46226499140157,-33.43187229334684,12.606268249716749,12
1.6,resting,0.04129727412048515,0.0033468728504607056,-0.011822410282717459,-0.6298287841186723,-0.1326782422419098,-0.8706169081902561,-2.0830685049689683,-8.067830706118372,-18.38183623947414,73.80044701277649,-101.28853452174286,26.084407989762138,12
1.7,resting,0.009255290119464547,0.009637836585141257,0.04838178584698576,1.372518834293053,-0.021298715186892782,0.9599047587637445,-1.3342078233834143,-8.1446558205967,-0.818452127698988,-50.30224593374824,1.5749394701166097,4.264699928097706,12
1.8,resting,-0.030183442290683163,-0.01424023421103524,0.010579497923802857,-0.7751336475765311,0.3726243659402812,-0.654280758481865,9.177066568345246,-0.5473381258072217,7.487494282090513,45.41838100179401,-52.77548427485698,-52.7701215394081,12
1.9,resting,0.02926141740622796,0.0007725327083992747,0.025354063285323105,1.4223261329258419,0.49735099966757385,-0.9017891520513015,-7.966181767666073,4.195067976960133,-1.2705164401123061,-80.82786952000315,32.38421745485,25.813684917044995,12
2.0,resting,-8.74778906160513e-05,-0.026451312792163395,0.011642567252451549,-0.9441892288570455,0.22036733634087816,1.6687127698565767,-10.028872074539315,4.641284459940703,0.13617109232919006,5.646886560809458,-15.13766980327776,42.25141560015386,12
2.1,resting,0.0009389826934765027,-0.005974826000286447,-0.010766574954254924,-0.6224727731318662,-0.79837884983969,-0.6191260555755319,2.9985577207777276,-0.45931515710431603,-16.495670328066762,-73.34580922498183,47.512023666528385,19.552395656888347,12
2.2,resting,0.0035718357250143357,0.007396322340719619,-0.009234443092347937,1.5264607404783987,1.0531639147864285,0.7029126954350023,7.415302205905404,1.5136132708732297,-0.37711067937331666,25.26706874296389,17.309385913152234,-19.323319690619492,12
2.3,resting,-0.034304844067457096,0.00416500166970115,0.0008361799245412957,-0.09327518187514224,0.46382160688028196,-0.6797592700985415,-2.9289435179567285,-1.915999386692324,-6.138479419147702,-7.164161942857214,28.8708721591716,-2.584127086773587,12
2.4,resting,0.015288853903450132,0.004776799846951783,-0.012544249999662471,-0.7942346204430236,-0.7820647522170349,-0.0704918971360526,17.520051346888263,-1.2872425409028603,20.412567282021126,-73.30070028898207,-76.7515060988792,-7.975571738903203,12
2.5,resting,-0.02412585079557204,0.0015959498450862852,0.014161423716384396,1.3237856469624083,-0.14340484104228893,0.04571607604984646,4.049693832526754,-1.394259727378543,-10.061100764072364,-27.982905682271507,79.94648194979263,69.24419285389175,12
0.0,backward,-0.22629314242881152,0.024410595964467333,-0.6770201705770011,2.4110293570537618,2.780344685343098,-9.324822790337679,-0.016473873049421286,17.919307599773738,1.1060208630784834,-4.703724214315896,5.602246514627944,-82.24006251202033,13
0.1,backward,-0.16257794198759495,0.018165337409834947,-0.604314424469928,5.311940770081456,-9.115853766552553,-0.26097706701655277,-16.556072409107536,1.586436321498598,-3.5018144972878456,44.24168620754699,-63.81894615529233,-27.929811137148896,13
0.2,backward,-0.16472336740128574,0.11458140232689573,-0.34452283139517637,-10.71363397683782,-5.948570161655216,-12.229026893161883,7.271626570910028,9.97500448874853,-10.650658078850014,25.77725788155996,-4.957503608913901,-34.23279312514797,13
0.3,backward,-0.0999619468307733,0.18506495934117928,-0.5321287008502761,-2.3729312551923814,-0.2240965614161281,-9.239123997615549,-10.665422917061864,-26.022965791527852,-2.287898184384897,-49.02676947582692,45.55426858210166,-4.255450660226455,13
0.4,backward,-0.27394184762224083,0.12188216798684001,-0.5157367849642178,2.128295409781486,-4.083361392732925,2.6493610017887583,22.030110011808027,-14.855318904915544,-2.737240401557575,-47.154375457056894,29.610887657422158,-58.31461628447655,13
0.5,backward,-0.24113881840889118,0.10004929385177345,-0.5158961473978863,6.472743421025711,-3.8455707524017946,-7.252192248567133,17.94947649616207,-8.390530728126077,-6.318711547134005,-44.149318725970474,22.889064435401878,14.71540747430066,13
0.6,backward,-0.1681060229996276,0.07406547628163478,-0.4929242771380929,-7.510988935635325,-14.920592235043156,-13.541415198975868,-8.229454797963333,6.804346712037627,-13.960871322682033,-66.51459287937213,-5.444167343649537,8.010550411628115,13
0.7,backward,-0.23815832253780483,0.13901438196152194,-0.5926873049005944,3.2950993415754026,-1.891652293405452,-12.507171643023558,-6.021360128212958,-13.315919545925226,1.1889263480589027,45.31389849675107,34.43669582449185,-109.87810768226399,13
0.8,backward,-0.2174135796176682,0.1063909316143835,-0.4406465430159238,3.8615441390251486,0.2825930579408755,-11.289841491837468,13.942102928295226,-8.102987407805397,20.981431514859665,-19.40841880347632,-44.964599444940475,63.25057932683463,13
0.9,backward,-0.17467232093357987,0.11651360187207337,-0.6523383973487046,6.053896849296843,-10.397713657221876,-15.50260860421125,8.473564596274075,13.772638870465252,3.132192141447811,-25.82151051930015,-37.97791991523839,-9.273305047282875,13
1.0,backward,-0.19543181078617386,0.08833987263697593,-0.3427903448134715,-1.7744782475198948,-9.232688501819888,-5.893407566249811,-5.240836786136497,-5.350589743215797,-7.705308099553663,26.158374014172654,31.495949004936264,27.7813491714104,13
1.1,backward,-0.1813584256201109,0.12270841132150488,-0.18422808713191247,-6.214390217611805,-10.323194669294441,-13.88476326789636,11.33345008449261,-2.9728864982528673,-14.146175000464353,62.982665709184914,64.3617608189833,-22.516393596193286,13
1.2,backward,-0.15718552166376676,0.12004326676252211,-0.441159440814549,-0.5483151830275514,-1.5935753706125504,-15.08346660366042,5.672497145279792,-1.2040416298590393,-4.6591971135265915,13.537338219822542,15.436267475396438,-25.29309945874227,13
1.3,backward,-0.16071793602565196,0.1191452826019436,-0.34651683718751913,1.7335047901775078,4.745678250825669,-13.21957274969971,3.3770373165554672,8.575354017105441,6.740113010509027,-90.3135268382327,18.33722540883066,-34.39580672984564,13
1.4,backward,-0.18879365496386863,0.15136777549098612,-0.4517313003093091,-9.1382860263531,-1.237883426512524,-10.080646119816564,2.4841104180724276,-13.563320670700517,14.108034167841668,-55.555179838181424,31.124773198463114,-53.773832758003714,13
1.5,backward,-0.1920236712264743,0.045207906955843404,-0.5909647455100003,-9.307643872765759,-10.134765544397743,-4.508964407276514,-18.32151307718621,-5.068745748157989,8.129266592235979,-29.147459819159117,53.57731298033451,-13.868245848084474,13
1.6,backward,-0.15364132941592387,0.08729269060488368,-0.6077059033710399,6.701689518889438,-0.4611482530599531,-4.328288847699215,-3.15764566326098,14.759118138613712,3.3792819376842065,88.12579105945538,-74.72015155724324,-28.367242723802256,13
1.7,backward,-0.1766476300498333,0.07404898527321224,-0.4291000115090202,0.17921197557809765,-2.513256389736182,-14.125472455734991,2.728878799351666,-10.029198745622418,-5.569111263611716,-14.913893646908944,0.4771063966517932,-70.54202751508485,13
1.8,backward,-0.22724476498853202,0.0992705819360953,-0.6108974062035615,7.345128625526931,-3.3779663054877895,-17.769884846549893,0.011712045315465797,3.075517320880728,-8.033036013385985,49.70265131507645,-3.771105121797712,-28.860860154674743,13
1.9,backward,-0.18237664786914579,0.05092624688196149,-0.5212653394980459,1.5410039655404049,-4.427581838446871,-13.411026002829978,6.575925168578008,-6.133788437476642,-2.7087442201646574,-78.53699616449514,19.0036325576583,94.94724779891092,13
2.0,backward,-0.18969326988922033,0.15038117154120087,-0.49292262064377035,8.748619201863816,-11.16193254108475,-8.912335792458727,-4.412480262310419,7.7949740141015225,3.680976306200303,3.222432457622941,-66.41494926682053,-0.10873634855410019,13
2.1,backward,-0.2427656221280578,0.08908883295777059,-0.4830107980549727,-2.2153034246210237,1.8875279738507462,-13.44882042995955,3.4129697351201282,-1.8437619426927918,-0.8594577664370463,-24.258405446192256,-75.56831523323504,-53.53492189777117,13
2.2,backward,-0.236384300133113,0.08669222086461169,-0.2579347930934141,-1.9752220662917308,-4.200548243004567,-3.1604516983286555,-4.860372297607026,-1.3853389851995428,15.063240487091694,-37.34011460787004,77.50156921848964,17.602927158776918,13
2.3,backward,-0.2200963450955422,0.040195783262492825,-0.42535679055328834,-8.575341993867593,2.9313851409586977,-13.203645298715093,9.971602028919138,14.755624363815764,-18.16283506062652,35.298055736600126,30.674256106470416,-64.43918530498092,13
2.4,backward,-0.29621443339963427,0.03472791778722355,-0.37644622796063637,9.40534860658296,4.24988811577826,-21.21182212417662,-0.23838415620380127,-9.15396800587991,-6.367999972079205,74.5108624255536,-15.261545073825392,64.64712299088083,13
2.5,backward,-0.18535377653603108,0.1691775296054427,-0.5279645928631278,-6.239993067900789,-8.483145014936733,-11.065583762779308,-17.644535803082203,12.237773587747732,-7.6352891144763335,33.66742898424661,-16.888552640336453,44.323049209740404,13
0.0,left,0.0002890186530707722,-0.41454425199062533,0.10263166073511593,3.42393858490997,6.509508962530759,-4.022692219746126,-0.9996844003911969,-9.49813885612579,3.2917945438259526,5.1127462024595385,-48.69939870014755,9.259394262708385,14
0.1,left,-0.015263072966890202,-0.4620378939618715,0.1703238512373499,-4.900368231430242,4.225326353567752,-4.418707455071859,-1.3256951247153295,-4.43862711979597,-4.358563046371552,-8.624899397694398,40.03944349523406,23.92451408081926,14
0.2,left,0.04795919976572709,-0.4498363803979882,0.15671517302076787,12.925852910072438,7.423216451877256,-1.5812514363029972,10.020508826252485,2.6154606051474802,9.65417503723881,78.1386493308384,-2.30201135516913,37.65482267877532,14
0.3,left,0.0013264557010556014,-0.5448849436084512,0.019363976910800315,6.891444145460026,16.741367686031904,3.9004902537259056,-7.4078793618476615,-3.7461044336007534,0.598560219755032,-22.830550838068092,5.64902287122681,77.35524398486065,14
0.4,left,0.006122247356480193,-0.5882944807045175,0.09443545087261912,4.072327721884798,5.64930044719177,-7.1447769200295035,-6.727908343379666,1.7924075467244702,-15.80263711797787,63.81027906044013,-67.3031786142289,78.01830480460004,14
0.5,left,0.0075152027046351865,-0.5285107244314128,0.03098213975869489,-1.346357444275073,12.529618237012258,-1.7449836914875851,8.786071861796014,3.6285338606915967,18.383465819489658,-92.14329184990689,47.481287326337196,17.676181694565997,14
0.6,left,0.06661937846134827,-0.5410770908109125,0.08063863287321832,1.6568584835664666,19.167570985933615,-1.661963488553866,1.079850236226584,1.821442846082932,16.093434319269395,35.26297977085871,26.787410162421672,60.398968025632215,14
0.7,left,0.020769055556127722,-0.4357291606948276,-0.01360552314267753,4.333398022981317,9.503481511246418,4.054925668482069,2.2207789037380907,-8.3972258244947,5.81722656634043,-75.63016582609563,0.22932901211941215,-40.10874254620939,14
0.8,left,-0.031417864374030255,-0.5183131240323636,0.10377661203340775,8.864559451175378,5.658660769834272,4.8779837858686586,6.787852448871126,5.0051599079718745,4.487544326344281,24.963774989535427,1.5325550899189129,29.54455241163946,14
0.9,left,0.05200636077455431,-0.6300967329365226,0.13966300706142798,7.593027407536511,5.882533303627333,-2.04333697272078,-7.3291176676676395,-1.834104898602923,-7.679013691881133,-4.199559050835224,-59.37644543322692,-11.380325157018452,14
1.0,left,-0.053498742040097094,-0.5090437974210329,0.21924669704964206,-1.9336761528886637,16.243693212974893,-3.7393757047351106,-7.193667926198279,8.188962670924875,-3.54850988717998,-34.13487179408667,3.944511382989989,-43.36849596594862,14
1.1,left,0.11157903481299886,-0.48276551157631126,0.13994189997417378,4.839392054328502,10.950627445055119,-5.395470056373201,18.32389696953478,-3.3959218441482166,-3.3519959727069217,74.24413595485866,-19.012296482997755,24.784372652928667,14
1.2,left,-0.04745255820079396,-0.4396103028747095,0.08528776995458885,2.806946423461091,11.746907732731414,-2.096903272043964,-10.618360276261638,1.6611742063985415,4.6017943502132255,-7.597358718596683,34.28422824748344,-20.338617844459783,14
1.3,left,0.01256745759394534,-0.6249021786955427,0.05043966635762226,4.530604526963546,13.048419403317528,5.630254743204651,8.571428792884747,-2.417664440244537,4.673943140831983,93.37544695966422,-10.788262832420196,-3.1829208692557343,14
1.4,left,-0.04406266502720249,-0.5737054451403194,0.22356714591719198,2.6642101379089773,12.665273631933438,2.5358471219385708,16.01468407627943,-3.535398698620325,11.009489951194208,31.862676367476254,-44.72914297393821,-52.940117931926565,14
1.5,left,0.0256715901382455,-0.5999234208413787,0.07452371865935034,-2.5599253552652312,4.244235640752976,-1.027022022463364,2.269401176172592,-0.5788049514867751,4.937354419865586,43.165459189107644,-33.55855361018531,-46.453398124707576,14
1.6,left,0.05539559024953891,-0.46231818108505696,0.10261022112005554,10.577122864204188,2.6757275690892657,3.897548273370537,-3.185770249800574,2.909460282253752,2.7596328320753925,-123.68501216388435,4.866842327355432,-39.948009911312674,14
1.7,left,-0.01165250742544742,-0.4404309144350148,0.17578462627953764,2.081645281696693,3.8268060505606014,-3.7638404118751505,12.926531475336027,-4.365261313730863,-6.665068611522066,-103.36172423956278,33.41602527272479,-49.03121562207987,14
1.8,left,-0.02771837580468279,-0.46836246934736436,0.17955699375735107,5.592425096549025,9.471815064735967,-0.4253483373877584,-5.9627235275149815,5.444958896102097,18.878505280904932,-48.90593774783197,32.08914603166648,-46.4503867798639,14
1.9,left,0.08340192642411966,-0.44246590035472405,0.10704457628833307,-0.4183012782686575,13.14884460236791,0.9190243077643766,1.3333509563776627,23.261518532045788,-3.5412171893604056,-92.0195239072313,-101.93869581486716,-17.94359890257723,14
2.0,left,-0.07951145053935771,-0.5563953412439829,0.16977771231455369,4.571830468164576,3.865378453211994,5.366694505585818,-8.615654018293634,12.844654399880488,-8.482312329230332,-39.86840299702844,60.64574122022375,45.66760879359905,14
2.1,left,-0.003257132043169589,-0.5918433611526656,0.10137155125813135,8.646384803496582,14.34121615270735,0.804435905892458,-1.050361165647658,-3.1910504562651676,14.531415696083897,23.991471851538833,51.166095152387726,52.05246675201981,14
2.2,left,0.01477477154078172,-0.37629682751442944,0.06563569555391686,7.493950840002551,8.268651857054572,2.3228170759463977,-6.042521249147774,-12.711252667202974,21.380585845017976,22.12370532827704,-1.7692684873636326,96.18236413765942,14
2.3,left,-0.04075652239993957,-0.49672760584760856,0.1354472507418997,10.257131846950399,13.469906567680633,1.5143994372235041,13.82578028406604,2.836499630156217,-0.8465541529040856,-73.2059486188008,-8.903864588313063,38.00446778878241,14
2.4,left,0.032912923790829364,-0.6413411097272692,0.021330160867870415,8.39155232104002,14.489512559608986,-7.033024572310767,-3.2282342667330433,-12.011158472087926,0.07373350870137292,-27.43668861866156,-16.779899302558228,79.40969722697373,14
2.5,left,0.0036014400625841167,-0.48523879763107847,0.10241152244813789,5.240400929060573,17.83461521528295,4.248514648040872,-2.799448553058799,5.29576525897788,11.713912946549767,-66.54579578540161,-107.35918848276884,57.17396768343506,14
0.0,left,-0.02313476745439301,-0.6176354376835864,0.07344198436284528,9.632750269290806,4.241554424615195,3.9612424964141715,-2.4994964594407634,7.6220626650507945,1.6968170528820128,25.227899926433185,22.02668156345385,77.7704383872253,15
0.1,left,-0.008702456993924924,-0.47635642282292723,0.1328688661859374,3.7482798474592505,10.27648915755116,3.061687246631695,-6.155704729978611,-6.447211903759703,-13.917740269242426,-20.748392404797023,-60.5432190159109,80.0515081540392,15
0.2,left,-0.01132773887417112,-0.5096666174318318,0.07190006941812055,-4.420664376504607,11.840757719432954,-11.771306067012837,0.4091129626594103,-22.23420572484757,9.55666421533546,45.39784871107801,38.497577327416124,-18.01955534883542,15
0.3,left,-0.02531464587342533,-0.5607334261214926,0.0962811339241588,3.384270997165434,-2.065610635866104,4.705359694276116,-16.531332198857513,6.384408069765034,14.114992199431509,3.0847256020657796,58.48519809675392,11.543573031462168,15
0.4,left,0.008262615131490849,-0.4770114417873722,0.060080302707117596,10.322955761272514,9.615053870062914,-0.22827213292756984,-10.790076598460821,-3.2016702126873833,-3.0543595995124324,-84.49364579706643,127.40621207556461,110.76849144920575,15
0.5,left,0.023801088887996022,-0.4779816632191391,0.15153997600133906,1.2995850176667094,24.792415444573965,-6.598506772662858,-1.421452169433468,0.25238678652073404,-10.767061076227439,-38.0406939753483,-33.037538319864915,103.28498421367871,15
0.6,left,-0.006594784740303325,-0.6020456859886789,0.034659245388140664,1.953562579083321,6.897835140687547,-4.851065098112475,2.930541259106469,-3.5267930769039624,-1.2603599837514314,-76.68495001530053,19.182968984000443,-27.61373297205525,15
0.7,left,-0.014238215832782442,-0.4142415069523634,0.07292139460160194,7.842901737906853,14.012840036578599,7.846765045393896,-5.3378451917004375,23.73422245893236,4.384094597439191,-10.78240646831902,4.640804288804368,-57.36675553460281,15
0.8,left,-0.004109751700475798,-0.7162423110383525,0.16533046042609417,6.904312559966886,16.1252752123919,4.202822410507261,0.34370307636585445,0.9975078192706752,9.792082879500153,14.893215070582919,11.655246510562726,45.88429538675588,15
0.9,left,-0.06402306021563269,-0.5200525278028365,0.0641398291620791,10.689066678948162,10.59401183360871,-2.089622981214467,17.678382365483937,3.412745637089169,-2.1864141588335806,5.346617256494881,-42.06600457256929,-14.471055623656587,15
1.0,left,-0.010404210014662768,-0.4198625468323089,0.06259697303496625,1.1909610951340897,5.454276835544086,-2.036800382273369,-3.970235371054258,-14.759374225268909,-2.0861003332434693,43.01276286278826,71.47449965222447,-9.984589708545425,15
1.1,left,-0.012518347335524203,-0.3897477677752099,0.07341995305785236,7.129455145734786,4.155549379255978,-4.796454666046098,24.09501669179454,15.88450939929361,-7.594957177575427,-21.57704875274873,23.8360328543288,-6.797599831464968,15
1.2,left,0.08735714877177764,-0.6811652202528568,0.18313395642586697,8.53810389514624,18.764171895359507,2.1201800665625345,12.052082797572252,21.657232592720327,-11.837739893937606,61.849245686749086,149.99136175829994,-10.17381811197247,15
1.3,left,-0.07749824500161424,-0.548307572648477,0.08529547677987645,10.40066377048992,11.956645601613388,-2.2434078691656256,7.237578553241431,4.889272922989373,8.728108497876448,-25.65630186943369,-11.651464075426682,30.52922506772356,15
1.4,left,0.007939761717701343,-0.46320929527825416,0.06991870198127573,6.255690966115331,7.51736581500233,-5.923697373409389,9.77558443418767,-7.691943709862535,16.012734712509054,-26.28706222777059,50.16742189878626,-52.21059235707246,15
1.5,left,0.01847075172688192,-0.5233642936585801,0.08596791273000795,8.398263176162303,-4.608010622293747,-6.5502772455093865,4.227674616985317,6.368677815573039,-1.3084248367965532,32.64394685895135,-15.015756532792876,35.99980617730637,15
1.6,left,0.005620537607887325,-0.6980653162772237,0.08175028507135154,9.535536286871862,15.112481218930377,1.1314483358302616,4.300585041289907,1.5548539164233401,-10.453285535998562,63.85066709515216,-36.24082498721435,27.18264644097106,15
1.7,left,-0.05395166848969099,-0.48826751564528365,0.05624020159243632,8.10297922245862,18.492276536887825,-2.2900291223988374,16.556905036389235,-8.606871632642385,-6.772859368705819,-41.611775590912345,16.67730690585818,22.96125663773086,15
1.8,left,-0.0465160087847242,-0.47190619893581326,0.09229289745858574,3.496264627105173,11.460688220933797,2.777765041630975,-0.24715645298473918,-3.312090790013853,-3.08724070441986,-22.72632892358108,84.34037871972785,-92.60546681729153,15
1.9,left,0.031157762539031048,-0.6773738246484594,0.105721215853836,3.5112507834739626,5.728129372309942,-4.865146781246158,4.748064661001096,-12.647863118304175,-6.573302836400387,-63.78461226123358,-134.71642555889434,-43.57335278217367,15
2.0,left,0.06552301871354972,-0.6239872286388751,0.15465869642294922,5.618436646723993,12.204153854022369,0.5356763630929378,-10.994235897390483,-21.479146923825198,0.9217139867946205,0.9527072747333865,-144.32629228655995,37.469790599977024,15
2.1,left,0.04653434260030691,-0.5788582736940833,0.13132196186515838,1.7170192207209887,15.634656590596627,0.3478639588145504,-7.939140821263232,-8.87258598150788,-12.790471045383498,68.07986727998134,38.13785295199394,37.34505391302015,15
2.2,left,-0.00541264211079075,-0.5697046400221745,0.14076631644733625,8.342107963413588,7.04608035697461,4.952878854403382,0.5350281206231736,-17.29814457502546,-1.382062258207246,31.44723164568938,23.6076875522673,-59.87684154233015,15
2.3,left,-0.04602323710809924,-0.4550410125276877,0.1637813328755017,11.323343203926685,13.807855381132201,12.508334513215864,-11.36573003058186,8.092954834330417,-4.115942467145416,-44.309291113088165,-14.369462576903945,-84.39075793415266,15
2.4,left,-0.02893975558069341,-0.5143437107546179,0.06911683447170286,3.7866117850378878,16.48097560552342,0.49549553826076154,2.1199645458355385,-16.411048032584983,-8.16331450814095,-42.690258663033845,-79.95843219186733,19.649684568686496,15
2.5,left,-0.04140895136388002,-0.5970071240379977,0.1394832799464797,5.290096342615524,10.045906601078674,-5.97184310750558,-2.3508747026220873,4.459863767308026,-6.379947596967703,-48.59022917467114,3.7498393012746245,22.81920878590695,15
